	name	organization	url	url of their twitter	updated twitter account link	predicted twitter ID	candidates									
0	Sebastian Gerke	Ree Technology	https://scholar.google.com/citations?hl=en&user=DeP0anAAAAAJ	https://twitter.com/sebgerke	https://twitter.com/sebgerke	j_gehrke	j_gehrke	etnc17	innovateSDIRC	lisaboyars	WilsonCenterGEP	ircschools	choermoraes			
1	Yang Liu	"Computer Science, harbin institute of technology"	https://scholar.google.com/citations?hl=en&user=3IC_ZtkAAAAJ	N/A	N/A	air_tsinghua	air_tsinghua									
2	Son N. Tran	University of Tasmania	https://scholar.google.com/citations?hl=en&user=h82eCK8AAAAJ	https://twitter.com/sondinhtran	https://twitter.com/sondinhtran	rj_saintgeorge	TasSchoolMed	alana_mann	rj_saintgeorge	naomiforrest22	thetassiegirl	ColinPSweeney				
3	Massimiliano Ciaramita	Google	https://scholar.google.com/citations?hl=en&user=PwsKWfUAAAAJ	N/A	N/A	sjmielke	sjmielke	sobigdata	fabtar							
4	Marco Baity-Jesi	Eawag	https://scholar.google.com/citations?hl=en&user=4S1Ajs8AAAAJ	N/A	N/A	peterisles	peterisles									
5	Takuya Funatomi	Nara Institute of Science and Technology	https://scholar.google.com/citations?hl=en&user=OjA6YhgAAAAJ	N/A	N/A	jst_kisokenkyu	jst_kisokenkyu									
6	Saurabh Sawlani	SoundHound Inc.	https://scholar.google.com/citations?hl=en&user=u21gfyUAAAAJ	N/A	N/A	mlatgt	mlatgt									
7	Sanjay Shukla	"Dunnhumby, Gurgaon"	https://scholar.google.com/citations?hl=en&user=VodphbwAAAAJ	N/A	N/A	shairachowdhary	shairachowdhary									
8	Ting Wang	East China Normal University	https://scholar.google.com/citations?hl=en&user=05FUpSYAAAAJ	N/A	N/A	twang5	twang5									
9	Stephen Beale	Rensselaer Polytechnic University	https://scholar.google.com/citations?hl=en&user=vtMyXXYAAAAJ	N/A	N/A	optimistleader	optimistleader									
10	Ziv Epstein	MIT	https://scholar.google.com/citations?hl=en&user=yG7l19UAAAAJ	https://twitter.com/_ziv_e	https://twitter.com/_ziv_e	medialab	medialab									
11	Tao Wang	Nanjing University	https://scholar.google.com/citations?hl=en&user=TsDufoMAAAAJ	N/A	N/A	zpuadqmcdsgw8yc	zpuadqmcdsgw8yc									
12	Rove Chishman	Unisinos	https://scholar.google.com/citations?hl=en&user=M52887sAAAAJ	https://twitter.com/rovechishman	https://twitter.com/rovechishman	rovechishman	rovechishman									
13	Muhammad Khusairi Osman	"Faculty of Electrical Engineering, Universiti Teknologi MARA (UiTM), Malaysia."	https://scholar.google.com/citations?hl=en&user=xshP6DwAAAAJ	N/A	N/A	N/A										
14	Gang Wang	"Associate Professor, Shanghai University of Finance and Economics"	https://scholar.google.com/citations?hl=en&user=aQMjCHwAAAAJ	N/A	N/A	N/A										
15	Max Jaderberg	DeepMind	https://scholar.google.com/citations?hl=en&user=JeZoMicAAAAJ	https://twitter.com/maxjaderberg	https://twitter.com/maxjaderberg	Andrew__Brown__	Andrew__Brown__									
16	Samet Memiş	İstanbul Rumeli University	https://scholar.google.com/citations?hl=en&user=8TW7mSYAAAAJ	N/A	N/A	N/A	hgcva									
17	Bishal Lamichhane	Rice University	https://scholar.google.com/citations?hl=en&user=qEh_v1YAAAAJ	https://twitter.com/bshallamichhane	N/A	N/A	CesarAUribe									
18	Léa Laporte	"LIRIS, INSA-Lyon"	https://scholar.google.com/citations?hl=en&user=RYtCJBAAAAAJ	N/A	N/A	marionshdc	marionshdc									
19	Hristo Aladjov	"Associated Proffessor, Bulgarian Academy of Sciences"	https://scholar.google.com/citations?hl=en&user=QCnd4SAAAAAJ	N/A	N/A	N/A	QSARI1									
20	Dr Umar Hayat	"PhD, University of Warwick, UK"	https://scholar.google.com/citations?hl=en&user=4LMxPLsAAAAJ	N/A	N/A	Umarhayat2345	Umarhayat2345									
21	Alejandro Ojeda	"Brain Vision, Brain Products"	https://scholar.google.com/citations?hl=en&user=sxXZxmMAAAAJ	N/A	N/A	ojedaale65	ojedaale65	alejandrojedag	josealejandroop	alejandroojeda	alejandrojeda	OjedaXiqui	ialex7	aojeda1realtor	aleojedarojas	
22	Zhaohan Daniel Guo	DeepMind	https://scholar.google.com/citations?hl=en&user=fxr_9oQAAAAJ	N/A	N/A	levesquejc	levesquejc									
23	Shayan Shams	Assistant Professor at University of Texas Health Science Center at Houston	https://scholar.google.com/citations?hl=en&user=KPB33b8AAAAJ	N/A	N/A	shivauncbates	shivauncbates									
24	Matthew Phillips	LifeOmic	https://scholar.google.com/citations?hl=en&user=nBkeY-IAAAAJ	N/A	N/A	phillips_m_g	phillips_m_g									
25	Ali BOYALI	Toyota Technological Institute	https://scholar.google.com/citations?hl=en&user=Dmh5d3wAAAAJ	N/A	N/A	franmatiasbueno	franmatiasbueno									
26	VICTOR BARRERA NUNEZ	Ernst & Young	https://scholar.google.com/citations?hl=en&user=MB0WzZsAAAAJ	https://twitter.com/vikbar	https://twitter.com/vikbar	vikbar	vikbar									
27	Roman Hornung	"University of Munich, Institute for Medical Information Processing, Biometry, and Epidemiology"	https://scholar.google.com/citations?hl=en&user=BXflckQAAAAJ	https://twitter.com/hornungroman	https://twitter.com/hornungroman	hornungroman	hornungroman									
28	Tomáš Hodaň	Research Scientist at Reality Labs	https://scholar.google.com/citations?hl=en&user=GD_VE9oAAAAJ	https://twitter.com/tomhodan	https://twitter.com/tomhodan	tomhodan	tomhodan									
29	Mudit Agrawal	"PhD, University of Maryland, College Park"	https://scholar.google.com/citations?hl=en&user=4CDW-OwAAAAJ	N/A	N/A	muditagrawal37	mudit_aggarwal	mudit236	2mudit	mudit_agrwal	mudit_ag_	mudit_143	MuditAg29651496	muditagrawal37	mudit_2128	MuditAg43463808
30	Souvik Hazra	Infineon Technologies	https://scholar.google.com/citations?hl=en&user=p2xud0cAAAAJ	N/A	N/A	souvik_hazra	SouvikH16295997	souvikhazra4	737hazra	SouvikH87574084	hazra_79	souvikhazra47	souvikh04524495	Souvikhazra99	souvik_hazra	SouvikHazra78
31	Christopher G. Lucas	University of Edinburgh	https://scholar.google.com/citations?hl=en&user=KS4uI1sAAAAJ	N/A	N/A	alamynews	alamynews									
32	Simon Wells	"Lecturer, Edinburgh Napier University"	https://scholar.google.com/citations?hl=en&user=NJ4EZFwAAAAJ	https://twitter.com/simonwells	https://twitter.com/simonwells	simonwells	simonwells									
33	Moin Nadeem	Massachusetts Institute of Technology	https://scholar.google.com/citations?hl=en&user=elGHiKkAAAAJ	https://twitter.com/moinnadeem	https://twitter.com/moinnadeem	moinnadeem	moinnadeem									
34	Krystian Wojtkiewicz	Wrocław University of Science and Technology	https://scholar.google.com/citations?hl=en&user=WMy_WZEAAAAJ	https://twitter.com/skokrys	https://twitter.com/skokrys	skokrys	skokrys									
35	Augusto Gerolin	"Marie Skłodowska-Curie Fellow, Vrije Universiteit Amsterdam"	https://scholar.google.com/citations?hl=en&user=gG-ud6AAAAAJ	https://twitter.com/agerolin	https://twitter.com/agerolin	HMcPhersonMP	HMcPhersonMP									
36	Gaurav Sukhatme	"Professor and Fletcher Jones Endowed Chair, Departments of Computer Science and Electrical"	https://scholar.google.com/citations?hl=en&user=lRUi-A8AAAAJ	https://twitter.com/gauravsukhatme	https://twitter.com/gauravsukhatme	gauravsukhatme	gauravsukhatme	USCRESL								
37	Lihi Zelnik-Manor	Technion - Israel Institute of Technology	https://scholar.google.com/citations?hl=en&user=E_ejWvYAAAAJ	https://twitter.com/OrnaKl	https://twitter.com/OrnaKl	SSIMARomania	SSIMARomania									
38	Jawad AlKhateeb	Taibah University	https://scholar.google.com/citations?hl=en&user=D1EV1c0AAAAJ	https://twitter.com/jawad_alkhatib	https://twitter.com/jawad_alkhatib	N/A	search									
39	Yunzhou Zhang	Northeastern University	https://scholar.google.com/citations?hl=en&user=PtIbZbEAAAAJ	N/A	N/A	YangVanilla	YangVanilla									
40	Giona Matasci	MDA	https://scholar.google.com/citations?hl=en&user=zZFmhagAAAAJ	N/A	N/A	irss_ubc	irss_ubc									
41	Othman Soufan	"Assistant Professor of Computer Science, St. Francis Xavier University"	https://scholar.google.com/citations?hl=en&user=9m0mYYEAAAAJ	https://twitter.com/OthmanSoufan	https://twitter.com/OthmanSoufan	othmansoufan	othmansoufan									
42	Dr.rer. nat. Ksenia Bittner	Research Scientist at German Aerospace Center (DLR)	https://scholar.google.com/citations?hl=en&user=oPr46YIAAAAJ	N/A	N/A	N/A										
43	Junqing Wei	PhD candidate of ECE in Carnegie Mellon Univ.	https://scholar.google.com/citations?hl=en&user=RWFdg-gAAAAJ	N/A	N/A	jaykinWei	jaykinWei									
44	Leonid Sigal	"Associate Professor, University of British Columbia"	https://scholar.google.com/citations?hl=en&user=P2mG6rcAAAAJ	N/A	N/A	N/A	UBC_CS	ubc_cs	kwangmoo_yi	UofTCompSci						
45	Gerda Bortsova	Erasmus MC	https://scholar.google.com/citations?hl=en&user=Tn-U6psAAAAJ	https://twitter.com/gbortsova	https://twitter.com/gbortsova	gbortsova	gbortsova									
46	Guangxing Bai	Research Assistant	https://scholar.google.com/citations?hl=en&user=PYrbUdsAAAAJ	N/A	N/A	N/A	MidWestTC									
47	David Stockwell	Central Queensland University	https://scholar.google.com/citations?hl=en&user=ItN6tJ4AAAAJ	N/A	N/A	yinghongzhou	yinghongzhou									
48	Emily Dinan	"Research Engineer, Facebook"	https://scholar.google.com/citations?hl=en&user=pfqzHqUAAAAJ	https://twitter.com/em_dinan	https://twitter.com/em_dinan	em_dinan	em_dinan									
49	messaoud ramdani	"Assistant Professor of Automatic Control, Badji-Mokhtar Annaba University"	https://scholar.google.com/citations?hl=en&user=9bQWehoAAAAJ	N/A	N/A	N/A										
50	Shiaw-Shian Yu	"General Director, Industrial Technolgy Research Institute"	https://scholar.google.com/citations?hl=en&user=1c7Hl4oAAAAJ	N/A	N/A	N/A										
51	Senthil Radhakrishnan	University of California Santa Barbara	https://scholar.google.com/citations?hl=en&user=uzcIzdsAAAAJ	N/A	N/A	koblinskilab	koblinskilab									
52	Michael Goin	"Software Engineer, Neural Magic"	https://scholar.google.com/citations?hl=en&user=YfmwSv8AAAAJ	N/A	N/A	N/A										
53	Benny Lo	Imperial College London	https://scholar.google.com/citations?hl=en&user=zRd3g5cAAAAJ	https://twitter.com/bennyplo	https://twitter.com/bennyplo	N/A										
54	"Muhammad R Abid, Assistant Professor"	"Florida Polytechnic University, Lakeland, Florida, USA"	https://scholar.google.com/citations?hl=en&user=OwX8elAAAAAJ	N/A	N/A	FLPolyU	FLPolyU									
55	David S. Batista	Senior NLP Engineer - Comtravo GmbH	https://scholar.google.com/citations?hl=en&user=-tRNGd0AAAAJ	https://twitter.com/davidsbatista	https://twitter.com/davidsbatista	DavidSBatista	DavidSBatista									
56	hasan nasiri	Imam Khomeini International University	https://scholar.google.com/citations?hl=en&user=DXAPymYAAAAJ	N/A	N/A	amirarsalan_sha	amirarsalan_sha	hasan_nasiri90	HasanNasiri16	hasan_nassiri	naessiri45	nacirih12	HassanNasiri3	mardanqom		
57	Yang Gao	"Nanjing University, China"	https://scholar.google.com/citations?hl=en&user=k0jjQo8AAAAJ	N/A	N/A	gytyw	gytyw									
58	"Adrienne Grzenda, MD, PhD"	"UCLA/DGSOM & UCLA/OVMC, HS Clinical Assistant Professor of Psychiatry"	https://scholar.google.com/citations?hl=en&user=DjdQ2s8AAAAJ	https://twitter.com/agrzendamdphd	https://twitter.com/agrzendamdphd	AGrzendaMDPHD	AGrzendaMDPHD									
59	Nathaniel Odell	"Postdoctoral researcher, High Energy Physics, Northwestern University"	https://scholar.google.com/citations?hl=en&user=mq7PhfsAAAAJ	N/A	N/A	N8Odell	N8Odell	NathanielODell2	nathanieljohn23	n8odell	RxODell	EaglesWhs				
60	Yujia Xie	"Researcher in machine learning, Microsoft"	https://scholar.google.com/citations?hl=en&user=r2FiAE4AAAAJ	N/A	N/A	N/A	RLtheory									
61	Anup Parikh	Sandia National Laboratories	https://scholar.google.com/citations?hl=en&user=FC8lFhQAAAAJ	N/A	N/A	AParikhMD	AParikhMD	AnupMeetsWorld	anupmeetsworld	aparikhmd	parikh_anup					
62	Zied Bouraoui	"Professor of Computer Science, CRIL CNRS & Artois University"	https://scholar.google.com/citations?hl=en&user=f_6RpYEAAAAJ	N/A	N/A	bouraoui_zied	bouraoui_zied									
63	Alexandru Cristian Mara	"PhD Candidate, Ghent University"	https://scholar.google.com/citations?hl=en&user=Vx-o-igAAAAJ	N/A	N/A	Druitter	Druitter									
64	Parag Namjoshi	Uber	https://scholar.google.com/citations?hl=en&user=hltYPm0AAAAJ	https://twitter.com/paragnamjoshi	https://twitter.com/paragnamjoshi	ParagNamjoshi	ParagNamjoshi									
65	Chayan Halder	"Assistant Professor, Ramakrishna Mission Vivekananda Centenary College, Rahara"	https://scholar.google.com/citations?hl=en&user=RusSh00AAAAJ	N/A	N/A	chayanh51470588	chayanh92894641	chayanh51470588	chayanh15629356	ChayanH25380729	ChayanH31151532	chayanhalder19	chayanh55674514	Chayan_oo7		
66	Amir Sadovnik	"Assistant Professor of Computer Science, University of Tennessee"	https://scholar.google.com/citations?hl=en&user=OBuu9_YAAAAJ	N/A	N/A	uthumanitiesctr	uthumanitiesctr	utkceems	lynnlhodge	LynnLHodge						
67	Eduardo Valle	"Faculty of Electrical and Computing Engineering (FEEC), University of Campinas (UNICAMP)"	https://scholar.google.com/citations?hl=en&user=lxWPqWAAAAAJ	https://twitter.com/dreavjr	https://twitter.com/dreavjr	_eduardo_valle	dreavjr	evallesv	eduardojvalle	Eduardo85411230	eddyvallelobo	_eduardo_valle	j_eduardo_valle	kevin_valle0108	endson_valle	crisvalle4
68	Filip Korzeniowski	Pandora Media	https://scholar.google.com/citations?hl=en&user=p7rD9oMAAAAJ	https://twitter.com/fdelamuerte	https://twitter.com/fdelamuerte	filipkorzen	filipkorzen									
69	Lingni Ma	Facebook Reality Labs	https://scholar.google.com/citations?hl=en&user=eUAgpwkAAAAJ	N/A	N/A	lingnima	lingnima									
70	Dean Slawson	"VP Advanced Technology, PointClickCare"	https://scholar.google.com/citations?hl=en&user=91uZDo0AAAAJ	N/A	N/A	deanslawson	deanslawson									
71	Piotr Kozakowski	University of Warsaw	https://scholar.google.com/citations?hl=en&user=QkYiDCwAAAAJ	N/A	N/A	EmiliaKaminska	EmiliaKaminska									
72	Fabio Cumbo	"Department of Cellular, Computational and Integrative Biology (CIBIO), University of Trento"	https://scholar.google.com/citations?hl=en&user=DJWJY7EAAAAJ	https://twitter.com/cumbofabio	https://twitter.com/cumbofabio	cumbofabio	cumbofabio									
73	Rosalia Maglietta	"Researcher, STIIMA, National Research Council"	https://scholar.google.com/citations?hl=en&user=wSm74SkAAAAJ	N/A	N/A	liamaglietta	liamaglietta									
74	Yaochen Xie	"Ph.D. Student, Texas A&M University"	https://scholar.google.com/citations?hl=en&user=Xw3ZjnMAAAAJ	https://twitter.com/ethan_ycx	https://twitter.com/ethan_ycx	ethan_ycx	ethan_ycx									
75	Bingyi Cao	Google Research	https://scholar.google.com/citations?hl=en&user=7EeSOcgAAAAJ	N/A	N/A	BrundageBot	BrundageBot									
76	Brian Telfer	"Senior Staff Member, MIT Lincoln Laboratory"	https://scholar.google.com/citations?hl=en&user=LOElwBwAAAAJ	https://twitter.com/BrianTelfer5	https://twitter.com/BrianTelfer5	N/A	AllMattNYT									
77	Jose Alberto Perez Benitez	ESIME-SEPI-IPN	https://scholar.google.com/citations?hl=en&user=2i2TyJsAAAAJ	N/A	N/A	carlosruizcrde1	carlosruizcrde1									
78	Antonio Criminisi	Research Manager at Amazon	https://scholar.google.com/citations?hl=en&user=YHmzvmMAAAAJ	N/A	N/A	N/A	MSFTResearchCam									
79	Yue Tong	"OSIsoft, LLC"	https://scholar.google.com/citations?hl=en&user=_JJHW0EAAAAJ	N/A	N/A	yuetongqian	yuetongqian	polaaaaar	sotongyuetong	yue_eveland	tongyue_ivy	Yuetong_240294	yuetong3yu	artofyuetong		
80	Gitta Kutyniok	"Bavarian AI Chair for Mathematical Foundations of Artificial Intelligence, LMU Munich"	https://scholar.google.com/citations?hl=en&user=JHs9LssAAAAJ	https://twitter.com/gittakutyniok	https://twitter.com/gittakutyniok	gittakutyniok	gittakutyniok									
81	Yinan Zhao	University of Texas at Austin	https://scholar.google.com/citations?hl=en&user=6Kyp7rQAAAAJ	N/A	N/A	badhreat	badhreat	zhaoyinan	stevenchao95	TomOrlik						
82	Moshe Lichman	Unknown affiliation	https://scholar.google.com/citations?hl=en&user=K7gF978AAAAJ	N/A	N/A	lichmanmo	lichmanmo	LichmanMo	ReturnAgainPod	shaalvim	simchaspot	ariwaxman	finSMEs			
83	Marta Galende	Researcher ID - CARTIF	https://scholar.google.com/citations?hl=en&user=t4HI79kAAAAJ	https://twitter.com/margal_cartif	https://twitter.com/margal_cartif	margal_cartif	margal_cartif									
84	Mahdad Eghbalian	"Postdoctoral Associate, University of Calgary"	https://scholar.google.com/citations?hl=en&user=BT-GEcUAAAAJ	N/A	N/A	MahdadEghbalian	MahdadEghbalian									
85	Di You	Worcester Polytechnic Institute	https://scholar.google.com/citations?hl=en&user=uWFATKcAAAAJ	N/A	N/A	WPIAdmissions	wpinews	WPIAdmissions	WPIBusiness	WPICommencement	wpi_bme	wpi_ece	wpiparents	wpiesports	wpi_physics	WPI_Library
86	Jerome Kodjabachian	Thales	https://scholar.google.com/citations?hl=en&user=OYto1KIAAAAJ	N/A	N/A	jeromekodja	jeromekodja									
87	Stephen DiVerdi	Adobe	https://scholar.google.com/citations?hl=en&user=G8dMSvAAAAAJ	N/A	N/A	N/A	bala_tk									
88	Md Abdullah Al Hafiz Khan	"Assistant Professor, Department of Compute Science, Kennesaw State University"	https://scholar.google.com/citations?hl=en&user=JFZc5jYAAAAJ	https://twitter.com/ahafizk20	https://twitter.com/ahafizk20	@ahafizk20	@ahafizk20									
89	Gurunath Kedar-Dongarkar	Oakland University	https://scholar.google.com/citations?hl=en&user=JLTRU8UAAAAJ	N/A	N/A	N/A										
90	Hamid Hamraz	Microsoft	https://scholar.google.com/citations?hl=en&user=4tPap1YAAAAJ	N/A	N/A	N/A										
91	David Begert	"Lead Machine Learning Engineer, Xtract ai"	https://scholar.google.com/citations?hl=en&user=iTUn4mUAAAAJ	N/A	N/A	N/A										
92	Scott Martin	Facebook	https://scholar.google.com/citations?hl=en&user=t2_BvUwAAAAJ	N/A	N/A	N/A										
93	Mohammad Moradi	Young Researchers and Elite Club	https://scholar.google.com/citations?hl=en&user=nLm8zfQAAAAJ	https://twitter.com/moradideli	https://twitter.com/moradideli	2221mohammad	moradjava	ISefati	2221mohammad	noterfan	zhoolideh	Mohamma98313465	momoradi57	mohamma28310901	moradideli	Mohamma55134257
94	Ali Saadon Al-Ogaili	Postdoctoral Researcher	https://scholar.google.com/citations?hl=en&user=JxMcRcwAAAAJ	N/A	N/A	saadonogaili	saadonogaili									
95	Michel Tokic	"Siemens AG, Munich"	https://scholar.google.com/citations?hl=en&user=IkrRAAIAAAAJ	N/A	N/A	micheltokic	micheltokic									
96	Giovanni Acampora	"Professor in Computer Science, University of Naples Federico II"	https://scholar.google.com/citations?hl=en&user=VLpaWf8AAAAJ	https://twitter.com/g_acampora	https://twitter.com/g_acampora	GiovanniAcampo7	GiovanniAcampo7	g_acampora	G_Acampora	giovanniacampo7						
97	Berdakh Abibullaev	"School of Engineering and Digital Sciences, Nazarbayev University"	https://scholar.google.com/citations?hl=en&user=KvECkz0AAAAJ	N/A	N/A	N/A										
98	Xi Cheng	"Google, University of Washington"	https://scholar.google.com/citations?hl=en&user=3SSDRtoAAAAJ	https://twitter.com/xicheng33	https://twitter.com/xicheng33	KaimingCheng	KaimingCheng									
99	Alexander Ihler	"University of California, Irvine"	https://scholar.google.com/citations?hl=en&user=ffdt7gMAAAAJ	N/A	N/A	mcaleerstephen	mcaleerstephen									
100	Nassim Ammour	Associate Professor	https://scholar.google.com/citations?hl=en&user=2dHuim4AAAAJ	N/A	N/A	srinivasr1729	lewislehe	pervade_team	SrinivasR1729	AlbertQJiang	nserhanaydin	srinivasr1729				
101	Eugenia Koblents	"Senior Machine Learning Scientist, United Technologies Research Center Ireland"	https://scholar.google.com/citations?hl=en&user=JDb-iDEAAAAJ	N/A	N/A	dirico_io	dirico_io									
102	Luis Castillo	"Full Professor of Computer Science, University of Granada"	https://scholar.google.com/citations?hl=en&user=FJ6klX8AAAAJ	N/A	N/A	N/A	Reds	luisjrcastillo	mluiscastillo	luis_co6	MLBNetwork	lhcb14	reds	luiscastilo16	luiscas35850082	
103	Shikhar Sharma	Microsoft	https://scholar.google.com/citations?hl=en&user=bLA7DYwAAAAJ	https://mobile.twitter.com/shikhar_warlock	N/A	drshikharsharm1	drshikharsharm1									
104	Elaheh Homayounvala	"Senior Lecturer in Artificial Intelligence and Machine Learning, London Metropolitan University"	https://scholar.google.com/citations?hl=en&user=wCGEyNYAAAAJ	N/A	N/A	N/A										
105	Lei Jia	Bristol Myers Squibb	https://scholar.google.com/citations?hl=en&user=RDkiwLIAAAAJ	N/A	N/A	diberri	diberri									
106	Han van der Aa	University of Mannheim	https://scholar.google.com/citations?hl=en&user=oFagE6cAAAAJ	https://twitter.com/hanvdaa	https://twitter.com/hanvdaa	hanvdaa	hanvdaa									
107	Jekang Park	Pusan National University	https://scholar.google.com/citations?hl=en&user=cJYVS80AAAAJ	N/A	N/A	maijadevine	maijadevine									
108	Long Zhou	Microsoft Research Asia	https://scholar.google.com/citations?hl=en&user=ZnwgSXIAAAAJ	N/A	N/A	lingzhou_	lingzhou_									
109	Sushant Patkar	"Artificial Intelligence Resource, Molecular Imaging Branch, NCI"	https://scholar.google.com/citations?hl=en&user=AsIX1JAAAAAJ	https://twitter.com/spatkar94	https://twitter.com/spatkar94	spatkar94	spatkar94	sushantpatkar3	sushantpatkar1	danielkbronder	SushantPatkar3	SushantPatekar				
110	Bai Zhang	"School of Medicine, The Johns Hopkins University"	https://scholar.google.com/citations?hl=en&user=iQHDZrgAAAAJ	https://twitter.com/baizhang	https://twitter.com/baizhang	Hopkins_Rad	Hopkins_Rad									
111	Frank Moosmann	Daimler AG	https://scholar.google.com/citations?hl=en&user=5fcOE58AAAAJ	N/A	N/A	musiconvalley	musiconvalley									
112	Zengjian Hu	The Energy Authority	https://scholar.google.com/citations?hl=en&user=3BQIfMsAAAAJ	N/A	N/A	eSmart_Systems	eSmart_Systems									
113	Onur Atan	"University of California, Los Angeles"	https://scholar.google.com/citations?hl=en&user=iuRC7jgAAAAJ	https://twitter.com/onur_atan	https://twitter.com/onur_atan	N/A	wolfzphd									
114	Muhammad Imran	"Agriculture University, Peshawar"	https://scholar.google.com/citations?hl=en&user=03JQgaYAAAAJ	N/A	N/A	mimran15	ForBiorisk	mimran15	mhdkhan7	imranazamshaikh	upeshpakistan	agriunipeshawar				
115	Konstantinos Demestichas	National Technical University of Athens	https://scholar.google.com/citations?hl=en&user=WmWbc0MAAAAJ	https://twitter.com/kdemestichas	https://twitter.com/kdemestichas	vehicles_mdpi	vehicles_mdpi									
116	Jose Segovia-Juarez	National Academy of Sciences of Peru	https://scholar.google.com/citations?hl=en&user=TYctETkAAAAJ	https://twitter.com/joselsegoviaj	https://twitter.com/joselsegoviaj	JoseLSegoviaJ	JoseLSegoviaJ	joselsegoviaj	westtexkid							
117	anirudh prabhu	Carnegie Institution for Science	https://scholar.google.com/citations?hl=en&user=IPqhTlYAAAAJ	https://twitter.com/Anirudh_14	https://twitter.com/Anirudh_14	anirudh_14	anirudh_14									
118	Reinhard Rapp	University of Mainz	https://scholar.google.com/citations?hl=en&user=RVz6pI4AAAAJ	N/A	N/A	reinhardheinis1	reinhardheinis1	redbowtiepiano	rcvryrox	alvations	sarkodie	jpschimel				
119	S. Karthick	Research Scholar	https://scholar.google.com/citations?hl=en&user=3gBKdgIAAAAJ	N/A	N/A	N/A	S_KARTHICK1993									
120	Steffen Schnitzer	Technische Universität Darmstadt - Multimedia Communications Lab	https://scholar.google.com/citations?hl=en&user=bVekWzYAAAAJ	https://twitter.com/steffenms	N/A	steffenms	steffenms									
121	Ajith Pasqual	"Senior Lecturer, University of Moratuwa"	https://scholar.google.com/citations?hl=en&user=Q3N04jcAAAAJ	https://twitter.com/aapasqual	https://twitter.com/aapasqual	sanjiva	sanjiva	nishansiriwarde	JayathriW							
122	Arun Kaintura	K-Structura Consultancy	https://scholar.google.com/citations?hl=en&user=4GW4reUAAAAJ	N/A	N/A	cantione	cantione									
123	Timur Bagautdinov	Facebook Reality Labs Research	https://scholar.google.com/citations?hl=en&user=oLi7xJ0AAAAJ	https://twitter.com/psycharo	https://twitter.com/psycharo	psycharo	psycharo									
124	Gert van der Vloed	PhD in Cognitive Sciene	https://scholar.google.com/citations?hl=en&user=XVNVXVIAAAAJ	N/A	N/A	gertvandervloed	gertvandervloed									
125	Fatemehsadat Tabei	Faculty @ West Texas A&M University	https://scholar.google.com/citations?hl=en&user=daJ-QtIAAAAJ	N/A	N/A	N/A										
126	Ane Alberdi Aramendi	Researcher/Lecturer at Mondragon Unibertsitatea	https://scholar.google.com/citations?hl=en&user=9shNszYAAAAJ	N/A	N/A	maddaleniriarte	maddaleniriarte									
127	Giuseppe Rizzo	LINKS Foundation	https://scholar.google.com/citations?hl=en&user=1pG7J3cAAAAJ	https://twitter.com/giusepperizzo	https://twitter.com/giusepperizzo	giusepperizzo	giusepperizzo									
128	Rudi Schäfer	"Privatdozent für Physik, Universität Duisburg-Essen"	https://scholar.google.com/citations?hl=en&user=IIRkH3UAAAAJ	N/A	N/A	shann_schaefer	shann_schaefer									
129	Kyuyeon Hwang	"Siri, Apple"	https://scholar.google.com/citations?hl=en&user=ebMDwfsAAAAJ	N/A	N/A	N/A	Paraparaku									
130	Xi Sheryl Zhang	"Institute of Automation, Chinese Academy of Sciences"	https://scholar.google.com/citations?hl=en&user=2rI0LRoAAAAJ	https://twitter.com/sheryl_zx	https://twitter.com/sheryl_zx	sheryl_zx	sheryl_zx									
131	Omar Nasr	"Cairo University, Faculty of Engineering"	https://scholar.google.com/citations?hl=en&user=7Qvf8TAAAAAJ	N/A	N/A	islamnasr	islamnasr									
132	Naveen Shankar Nagaraja	"Senior Machine Learning Engineer, BMW Group"	https://scholar.google.com/citations?hl=en&user=TP-_rb0AAAAJ	N/A	N/A	nsn86	nsn86									
133	Nattiya Kanhabua	Digital Labs at SCG	https://scholar.google.com/citations?hl=en&user=ydcgV2oAAAAJ	https://twitter.com/nattiyak	https://twitter.com/nattiyak	nattiyak	nattiyak									
134	Xiaocheng Tang (唐小程)	"Staff Scientist and Team Lead, DiDi Labs Mountain View"	https://scholar.google.com/citations?hl=en&user=fSrzDjIAAAAJ	https://twitter.com/xiaochengtang	https://twitter.com/xiaochengtang	N/A										
135	Kye-Hyeon Kim	Superb AI Inc.	https://scholar.google.com/citations?hl=en&user=PbMZ0lQAAAAJ	N/A	N/A	eche_unist	eche_unist									
136	Callum L. Stewart	"PhD Student, King's College London"	https://scholar.google.com/citations?hl=en&user=lqWSomAAAAAJ	N/A	N/A	cccoultas	cccoultas									
137	Boyu Chen	Dalian University of Technology	https://scholar.google.com/citations?hl=en&user=o5wjqPEAAAAJ	N/A	N/A	SingYoungChen1	chen_yonglin	SingYoungChen1	chaohaoc	snoowayc	QiangTang7					
138	Hai Wan	Sun Yat-sen University	https://scholar.google.com/citations?hl=en&user=ORaFwCsAAAAJ	N/A	N/A	zaozaowh	zaozaowh									
139	Hongyu Miao	University of Texas Health Science Center at Houston	https://scholar.google.com/citations?hl=en&user=q-_yDP0AAAAJ	N/A	N/A	hongyumiao	hongyumiao									
140	Adrià Garriga-Alonso	University of Cambridge	https://scholar.google.com/citations?hl=en&user=OtnThiMAAAAJ	N/A	N/A	adrigarriga	adrigarriga									
141	Yihe Tang	Carnegie Mellon University	https://scholar.google.com/citations?hl=en&user=8MFUNQUAAAAJ	N/A	N/A	taichitommy	taichitommy									
142	James Sharpnack	UC Davis Statistics Department	https://scholar.google.com/citations?hl=en&user=cXhAfX0AAAAJ	https://twitter.com/jsharpna	https://twitter.com/jsharpna	jsharpna	jsharpna									
143	Chloé Clavel	Telecom-ParisTech	https://scholar.google.com/citations?hl=en&user=TAZbfksAAAAJ	https://twitter.com/ChloeDClavel	https://twitter.com/ChloeDClavel	telecomparis	telecomparis									
144	Junhua Mao	Waymo Inc.	https://scholar.google.com/citations?hl=en&user=j_RaW-QAAAAJ	N/A	N/A	AmbLiJunhua	AmbLiJunhua									
145	Yimin Yang	Florida International University	https://scholar.google.com/citations?hl=en&user=zZ5Sud8AAAAJ	N/A	N/A	N/A	Mariosa_Com									
146	Jinkyoo Park	"Department of Industrial and Systems Engineering, KAIST"	https://scholar.google.com/citations?hl=en&user=sH2a0nkAAAAJ	N/A	N/A	jinhyunchoo	jinhyunchoo									
147	Tian Lan	George Washington University	https://scholar.google.com/citations?hl=en&user=OWF5r18AAAAJ	N/A	N/A	taranlan	taranlan									
148	Dhafar Hamed Abd	Al-Maaref University College	https://scholar.google.com/citations?hl=en&user=7f62phQAAAAJ	N/A	N/A	N/A	businessinsider									
149	Stéphane Valente	Prophesee	https://scholar.google.com/citations?hl=en&user=Y6mo_C4AAAAJ	N/A	N/A	N/A										
150	Kazuo Ishii	"Professor, Department of Applied Information Engineering, Suwa University of Science"	https://scholar.google.com/citations?hl=en&user=FJo4CP0AAAAJ	https://twitter.com/kazuoishii1	https://twitter.com/kazuoishii1	kazuoishii1	kazuoishii1									
151	Feng Wu 吴枫	University of Science and Technology of China	https://scholar.google.com/citations?hl=en&user=5bInRDEAAAAJ	N/A	N/A	N/A	ti50t6acsc0razl									
152	Robert Andrews	"Senior Research Fellow, Queensland University of Technology"	https://scholar.google.com/citations?hl=en&user=ffknJrMAAAAJ	N/A	N/A	Highland2base	SU2Cscience	Highland2base	carroll_fife	nicoggravel	dritzwoller	ShekonNeechie				
153	Mariano Rincón	"artificial intelligence, UNED"	https://scholar.google.com/citations?hl=en&user=-h078YIAAAAJ	N/A	N/A	PedroAguilar62	PedroAguilar62									
154	C. H. Garcia-Capulin	Universidad de Guanajuato	https://scholar.google.com/citations?hl=en&user=w15pM4YAAAAJ	N/A	N/A	N/A	Bonanza2022									
155	Jean Morrison	"Assistant Professor, Biostatistics"	https://scholar.google.com/citations?hl=en&user=r6fNZ6cAAAAJ	https://twitter.com/jeanv_morrison	https://twitter.com/jeanv_morrison	jeanv_morrison	jeanv_morrison	jhsiao999	theparkerlab							
156	Ahmed F. Rabbi	Senior Engineer	https://scholar.google.com/citations?hl=en&user=lkN1OMwAAAAJ	N/A	N/A	N/A	Moiz6702									
157	Ramazan Aygun	Kennesaw State University	https://scholar.google.com/citations?hl=en&user=E19URRIAAAAJ	N/A	N/A	kennesawstate	kennesawstate									
158	ILYAS CICEKLI	Hacettepe University	https://scholar.google.com/citations?hl=en&user=Q1tqCDQAAAAJ	N/A	N/A	gonencercan	gonencercan									
159	Jobst Landgrebe	Managing director at Cognotekt GmbH	https://scholar.google.com/citations?hl=en&user=cFMVHwoAAAAJ	https://mobile.twitter.com/JobstLandgrebe	https://mobile.twitter.com/JobstLandgrebe	privacy	privacy									
160	Haoyan Huo	"Department of Material Science and Engineering, University of California at Berkeley"	https://scholar.google.com/citations?hl=en&user=s7pKPacAAAAJ	N/A	N/A	TechCityNews	TechCityNews									
161	David Bellamy	"PhD Candidate in Epidemiology, Harvard University"	https://scholar.google.com/citations?hl=en&user=IZ-cCF4AAAAJ	https://twitter.com/DavidRBellamy	https://twitter.com/DavidRBellamy	benkompa	benkompa									
162	Hang Yin	"PhD student, IST, University of Lisbon and EPFL"	https://scholar.google.com/citations?hl=en&user=7VW7URUAAAAJ	N/A	N/A	sulianamanley	sulianamanley									
163	Marko Miladinović	"University of Niš, Faculty of Sciences and Mathematics, Serbia"	https://scholar.google.com/citations?hl=en&user=wUNd1iwAAAAJ	N/A	N/A	hoki21	hoki21	miladinosaurus								
164	Hannah Rae Kerner	"Assistant Research Professor, University of Maryland at College Park"	https://scholar.google.com/citations?hl=en&user=g5CD7dQAAAAJ	https://twitter.com/hannah_kerner	https://twitter.com/hannah_kerner	hannah_kerner	hannah_kerner									
165	Weiya Chen	Huazhong University of Science and Technology	https://scholar.google.com/citations?hl=en&user=RqFaL50AAAAJ	N/A	N/A	N/A	CWYLoveJ									
166	Hsiu-Chin Lin	"Assistant Professor, McGill University"	https://scholar.google.com/citations?hl=en&user=ZJo2sPEAAAAJ	N/A	N/A	lin_shaoting	lin_shaoting									
167	Ala Suliman	University of New Brunswick	https://scholar.google.com/citations?hl=en&user=CLmEKc4AAAAJ	N/A	N/A	N/A	ExeterIAIS									
168	Luis Weruaga	CTO at proactivaudio GmbH	https://scholar.google.com/citations?hl=en&user=6yZDBUgAAAAJ	N/A	N/A	lopezmascaraque	lopezmascaraque									
169	Alan Kennedy	Ulster University	https://scholar.google.com/citations?hl=en&user=zM-RbGIAAAAJ	https://twitter.com/AlanKennedyTJ	https://twitter.com/AlanKennedyTJ	alankennedytj	AlanKennedyTJ	alankennedytj	AEAKennedy	EcSocHistScot	paulbeaney	YvonneK100	dean_uu_ani	ClimateNI	PaulBeaney	
170	Xiaopeng Chen	"Associate Professor, Beijing Institute of Technology,Visiting Scholar, Carnegie Mellon University,"	https://scholar.google.com/citations?hl=en&user=f0lfcCAAAAAJ	N/A	N/A	xiaopengchen2	xiaopengchen2									
171	Motoki Shiga	"Associate Professor, Gifu University, Japan"	https://scholar.google.com/citations?hl=en&user=E6-2toevLjgC	https://twitter.com/mk_Shiga	https://twitter.com/mk_Shiga	mk_shiga	mk_shiga									
172	Ilja Zakharov	Institute for System Programming of RAS	https://scholar.google.com/citations?hl=en&user=nvAuJScAAAAJ	N/A	N/A	ilyazakharov9	ZakharovIlja	3zakharov	ilyazakharov9	ilya101010	lisadebruine	maslopyp	ZakharovIlya	brilzlian	WSJ	
173	Praveenraj Pattar	Assistant Professor	https://scholar.google.com/citations?hl=en&user=nWJRB9oAAAAJ	N/A	N/A	pattarp69	pattarp69									
174	Shahrani Shahbudin	Senior Lecturer of Computer Engineering Universiti Teknologi MARA	https://scholar.google.com/citations?hl=en&user=yTMasZsAAAAJ	N/A	N/A	N/A										
175	Akhil Arora	EPFL <= Xerox Research <= IIT Kanpur	https://scholar.google.com/citations?hl=en&user=uCrGCckAAAAJ	https://mobile.twitter.com/aroraakhilcs	https://mobile.twitter.com/aroraakhilcs	akhil_arora	akhil_arora	akhilarora93	_aroraakhil	aroraakhilcs	_akhil_arora_	arorakhil				
176	Victor Kulikov	Picsart Inc.	https://scholar.google.com/citations?hl=en&user=9WmuhUcAAAAJ	N/A	N/A	bezdoom	bezdoom	ViktorKulikov18	kukudu	ViktorKulikov2	Wikky64Viktor	studiodaf				
177	Alexey Karpov	St. Petersburg Federal Research Center of the Russian Academy of Sciences (SPC RAS)	https://scholar.google.com/citations?hl=en&user=Q0C3f1oAAAAJ	N/A	N/A	a_karp_	a_karp_	mission_rf	a__karp	o002om	7456240	Rammalexeystein	hashnode			
178	Luchen Tan	University of Waterloo	https://scholar.google.com/citations?hl=en&user=X1DJkzEAAAAJ	https://twitter.com/LuchenTan	https://twitter.com/LuchenTan	TanLuchen	TanLuchen									
179	Shuo Zhou	Research Fellow at the University of Melbourne	https://scholar.google.com/citations?hl=en&user=KXqAC8sAAAAJ	N/A	N/A	N/A	diegoceccarelli									
180	Hyunjung Shim	"Associate Professor, Yonsei University"	https://scholar.google.com/citations?hl=en&user=KB5XZGIAAAAJ	N/A	N/A	youngjunguh	youngjunguh									
181	Pedro Larrañaga	Professor of Artificial Intelligence - Technical University of Madrid	https://scholar.google.com/citations?hl=en&user=iTlD56SV03AC	https://twitter.com/larranagapedro	https://twitter.com/larranagapedro	grupocig_upm	grupocig_upm									
182	Pavel Blinov	Sber Artificial Intelligence Laboratory	https://scholar.google.com/citations?hl=en&user=WosQ1PAAAAAJ	N/A	N/A	walter88887	walter88887	satory_l	Satory_L							
183	Limin Yao	"Wealthfront, Twitter, Umass Amherst"	https://scholar.google.com/citations?hl=en&user=1FtOcrMAAAAJ	N/A	N/A	N/A	kdd_news									
184	Erkki Luuk	Unknown affiliation	https://scholar.google.com/citations?hl=en&user=3JSc8DUAAAAJ	N/A	N/A	keitivilms	keitivilms									
185	Huy Pham	Aarhus University	https://scholar.google.com/citations?hl=en&user=lDuf0tAAAAAJ	N/A	N/A	N/A										
186	Hongyi Xu	Assistant Professor at Univ. of Connecticut. Previous: Ford R&A; '14 PhD from Northwestern Univ.	https://scholar.google.com/citations?hl=en&user=xjvn4xgAAAAJ	https://twitter.com/researchxu	https://twitter.com/researchxu	N/A										
187	Christian Penaloza	Advanced Telecommunications Research Institute - Mirai Innovation Research Institute	https://scholar.google.com/citations?hl=en&user=HMs9iiYAAAAJ	https://twitter.com/penalozajapan	https://twitter.com/penalozajapan	chpesa	chpesa									
188	D. Sculley	"Google, Inc."	https://scholar.google.com/citations?hl=en&user=l_O64B8AAAAJ	N/A	N/A	N/A										
189	Katriona Goldmann	"PhD Student, Queen Mary University London"	https://scholar.google.com/citations?hl=en&user=xZMNpDgAAAAJ	https://mobile.twitter.com/_katriona	https://mobile.twitter.com/_katriona	_katriona	_katriona									
190	Леонид Александрович Гращенко	Институт математики Академии наук Республики Таджикистан	https://scholar.google.com/citations?hl=en&user=Wl55bVwAAAAJ	N/A	N/A	N/A										
191	Ioannis Konstantelos	Research Fellow at Imperial College London	https://scholar.google.com/citations?hl=en&user=BUuMLugAAAAJ	https://twitter.com/ioankonstant	https://twitter.com/ioankonstant	N/A										
192	Ricardo Muñoz-Cancino	PhD(c) - University of Chile	https://scholar.google.com/citations?hl=en&user=9qZn8B8AAAAJ	N/A	N/A	N/A										
193	Akio Tomiya	RIKEN-BNL	https://scholar.google.com/citations?hl=en&user=LKVqy_wAAAAJ	https://twitter.com/akiotomiya	https://twitter.com/akiotomiya	N/A										
194	Jinlan Fu	National University of Singapore	https://scholar.google.com/citations?hl=en&user=D4vtw8QAAAAJ	https://twitter.com/jinlanfu	https://twitter.com/jinlanfu	JinlanFu	JinlanFu									
195	Manish Singh	IMS Engineering College Ghaziabad	https://scholar.google.com/citations?hl=en&user=H_52KDcAAAAJ	N/A	N/A	N/A										
196	Patryk Jarnot	Silesian University of Technology	https://scholar.google.com/citations?hl=en&user=0PqkR4AAAAAJ	N/A	N/A	N/A										
197	Xian Sun	"Aerospace Information Research Institute, Chinese Academy of Sciences"	https://scholar.google.com/citations?hl=en&user=xWKPHDYAAAAJ	N/A	N/A	N/A										
198	Aleksandra Cerekovic	Walmart Global Tech	https://scholar.google.com/citations?hl=en&user=M3_f4UQAAAAJ	N/A	N/A	N/A										
199	Kaibin Huang	"Associate Professor, Dept. of EEE, The University of Hong Kong; IEEE Fellow"	https://scholar.google.com/citations?hl=en&user=HfuA3uIAAAAJ	N/A	N/A	N/A										
200	Marco Lützenberger	DAI-Labor	https://scholar.google.com/citations?hl=en&user=3m2amFQAAAAJ	https://twitter.com/berlinLuetze	https://twitter.com/berlinLuetze	jiacnews	jiacnews									
201	Swanti Satsangi Gupta	Indian Institute of Science	https://scholar.google.com/citations?hl=en&user=IspJCWQAAAAJ	N/A	N/A	AnkurAnmalhotra	AnkurAnmalhotra									
202	Mushtaq Raza	AWKUM	https://scholar.google.com/citations?hl=en&user=Ev0qyW4AAAAJ	https://twitter.com/uomian49	https://twitter.com/uomian49	N/A	asimbcs									
203	Cameron Gray	"School of Computer Science and Electronic Engineering, Bangor University"	https://scholar.google.com/citations?hl=en&user=6hwgE1EAAAAJ	N/A	N/A	daveshorts	daveshorts									
204	Sokratis Vavilis	Eindhoven University of Technology	https://scholar.google.com/citations?hl=en&user=UrsCuWcAAAAJ	https://twitter.com/SokratisVav	https://twitter.com/SokratisVav	SokratisVav	SokratisVav									
205	Muh Arif Rahman	Lab komputasi Cerdas Fakultas Ilmu Komputer	https://scholar.google.com/citations?hl=en&user=PYPVMEUAAAAJ	N/A	N/A	Arifrahman____	Arifrahman____	muh_tkjarifjie	callmearief	mssdota	MuhArifRahman7	arievrahman				
206	Malek Sarhani	Hamburg University	https://scholar.google.com/citations?hl=en&user=8MnaFUkAAAAJ	https://twitter.com/MalekSarhani	https://twitter.com/MalekSarhani	maleksarhani	maleksarhani									
207	Olli Lahdenoja	"Ph.D., Senior Researcher at University of Turku and Research Scientist at Precordior Ltd."	https://scholar.google.com/citations?hl=en&user=PazJWEYAAAAJ	N/A	N/A	N/A	uniturku									
208	Bhaskar D Gowda	Intel Corporation	https://scholar.google.com/citations?hl=en&user=VQrbtyAAAAAJ	N/A	N/A	gurunandanraom	gurunandanraom									
209	Martin Urschler	"School of Computer Science, University of Auckland, New Zealand"	https://scholar.google.com/citations?hl=en&user=HKLMeBIAAAAJ	N/A	N/A	darkostern	darkostern									
210	Surya Kalia	Indian Institute of Technology Delhi	https://scholar.google.com/citations?hl=en&user=Us9aVAoAAAAJ	https://twitter.com/KaliaSurya	https://twitter.com/KaliaSurya	kaliasurya	kaliasurya									
211	Elias Wang	Stanford University	https://scholar.google.com/citations?hl=en&user=KPOjuP0AAAAJ	https://twitter.com/eliaszwang	https://twitter.com/eliaszwang	eliaszwang	eliaszwang									
212	Jeffrey Flanigan	"Assistant Professor, University of California Santa Cruz"	https://scholar.google.com/citations?hl=en&user=XpIsORcAAAAJ	N/A	N/A	N/A	ucsc_nlp_ms									
213	Osama Abdel Raouf	"Professor, faculty of computers and information, Menoufia university"	https://scholar.google.com/citations?hl=en&user=xG7ls08AAAAJ	N/A	N/A	AbdelraoufSapry	AbdelraoufSapry									
214	mohd naved	"Aligarh Muslim University, Aligarh"	https://scholar.google.com/citations?hl=en&user=aRI1-zoAAAAJ	https://twitter.com/MohdNaved	https://twitter.com/MohdNaved	mohdnavedkhan	mohdnavedkhan	MohdNav62805579	navedit	AltNews	mohdtar39842186	AlNaved3				
215	Fei Xu	"PhD of Electrical Engineering, Tsinghua University. Software Engineering at Google"	https://scholar.google.com/citations?hl=en&user=2VunVGIAAAAJ	N/A	N/A	N/A	chenwang_j									
216	Charles Madeira	"Assistant Professor, Universidade Federal do Rio Grande do Norte"	https://scholar.google.com/citations?hl=en&user=UnKwaRcAAAAJ	N/A	N/A	N/A	John_T1000									
217	supawadee chaivivatrakul	"Information Technology, Agriculture Faculty, Ubon Ratchathani University, Thailand"	https://scholar.google.com/citations?hl=en&user=N29lFQEAAAAJ	N/A	N/A	N/A										
218	Samuel Kadoury	Polytechnique Montreal	https://scholar.google.com/citations?hl=en&user=HOov_S8AAAAJ	N/A	N/A	polymtl	polymtl									
219	David Widemann	"Researcher, Lawrence Livermore National Laboratory"	https://scholar.google.com/citations?hl=en&user=D3Y_j68AAAAJ	N/A	N/A	BARworkxberlin	BARworkxberlin	barworkxberlin	wideman_david	davidwideman4	davidwideman53	davidwideman	wiedav			
220	Atsuhiko BANNO	National Institute of Advanced Industrial Science and Technology	https://scholar.google.com/citations?hl=en&user=z0_GAGgAAAAJ	N/A	N/A	arai01robo	yukky_saito	mr2t_aist	amy_tabb	arai01robo	jumpjoe78					
221	Zhouxia Wang	Sun Yat-sen University	https://scholar.google.com/citations?hl=en&user=JWds_bQAAAAJ	N/A	N/A	imbingwang	imbingwang									
222	Benjamin J Ainscough	Washington University in Saint Louis	https://scholar.google.com/citations?hl=en&user=XryIpIQAAAAJ	https://twitter.com/b_ains	https://twitter.com/b_ains	githubstatus	githubstatus									
223	Wesley Snyder	"Professor of Electrical and Computer Engineering, NCSU"	https://scholar.google.com/citations?hl=en&user=I6L2ZnwAAAAJ	N/A	N/A	365DaysOfDisney	365DaysOfDisney	365daysofdisney	sneijder101010	wesleysnyder	thewesleysnyder					
224	"William R. Gray-Roncal, Ph.D."	Johns Hopkins University Applied Physics Laboratory	https://scholar.google.com/citations?hl=en&user=54lnkjAAAAAJ	https://twitter.com/WillGrayRoncal	https://twitter.com/WillGrayRoncal	N/A										
225	Debarghya Ghoshdastidar	Technical University of Munich	https://scholar.google.com/citations?hl=en&user=Kp-enVQAAAAJ	N/A	N/A	pm_esser	pm_esser									
226	Vivek Joshi	"GLOBALFOUNDRIES, University of Michigan"	https://scholar.google.com/citations?hl=en&user=fCpa384AAAAJ	https://twitter.com/vivek_jj	https://twitter.com/vivek_jj	vivekjoshi75	mejoshivivek	persilientvj	vivek_jj	printf_vivekj	qc2chdback2qc	DrvivekJoshi1	Vivek_Joshi_87	vjoshical	vivekjo41279664	vivekjoshi75
227	Ialis Cavalcante de Paula Junior	"Computer Engineering, Federal University of Ceará - Sobral Campus"	https://scholar.google.com/citations?hl=en&user=GfUVRy8AAAAJ	N/A	N/A	N/A										
228	Davide Gazzè	Prometeia	https://scholar.google.com/citations?hl=en&user=z4IR-aoAAAAJ	N/A	N/A	82_Vinnie	82_Vinnie									
229	Raj Bridgelall	"Technology Executive and Principal Investigator, North Dakota State University"	https://scholar.google.com/citations?hl=en&user=bV5JU7QAAAAJ	https://twitter.com/RajBridgelall	https://twitter.com/RajBridgelall	N/A	ugpti									
230	"Jun Cheng, PhD"	"School of Biomedical Engineering, Shenzhen University, China"	https://scholar.google.com/citations?hl=en&user=e9yrvHEAAAAJ	https://twitter.com/jun90cheng	https://twitter.com/jun90cheng	guozhen_liu	ShiyangTang	cuhksbs	CUHKSZ_MED	guozhen_liu	AlanZeXiong					
231	Tiago Santana de Nazare	Universidade de São Paulo	https://scholar.google.com/citations?hl=en&user=F-LovigAAAAJ	N/A	N/A	N/A	Ei_Buuh									
232	Aznul Qalid Md Sabri	"Department of Artificial Intelligence, Faculty of Computer Science & IT, University Malaya"	https://scholar.google.com/citations?hl=en&user=oX5-84kAAAAJ	N/A	N/A	N/A	fsktmum									
233	Francesco Bagagli	"Department of Physics, Pisa University - Intecs SPA"	https://scholar.google.com/citations?hl=en&user=8ba7BWEAAAAJ	N/A	N/A	FraBagagli1	FraBagagli1	bagagli271043	frances79566578	alitalia						
234	Iskandar Sitdikov	IBM Quantum	https://scholar.google.com/citations?hl=en&user=isCe0IgAAAAJ	N/A	N/A	qiskit	qiskit									
235	congjian wang	"Computational Nuclear Scientist, Idaho National Lab"	https://scholar.google.com/citations?hl=en&user=_2RO3TcAAAAJ	N/A	N/A	jasonworg	jasonworg									
236	Zhiguang Liu	Huawei Technologies	https://scholar.google.com/citations?hl=en&user=g8QaB9wAAAAJ	N/A	N/A	angela_tiwi	angela_tiwi									
237	Indar Sugiarto	"Petra Christian University, Technische Universität München, The University of Manchester"	https://scholar.google.com/citations?hl=en&user=nQr4VywAAAAJ	N/A	N/A	indrasugiarto_	indrasugiarto_	indrasugiarto	saryqu							
238	Sergio Murillo	Wi-Tronix	https://scholar.google.com/citations?hl=en&user=y-igeWMAAAAJ	N/A	N/A	sergiomurillo_2	hiimsergio	sergiomurillo_2	sermurillo	murillo	muricor	sergemurillo	seddgy	SergioMuMe	sergiojmurillo	
239	Wen-Sheng Chu	"Research Scientist, Google"	https://scholar.google.com/citations?hl=en&user=R-OrlSgAAAAJ	N/A	N/A	ak92501	ak92501									
240	Gideon Daniel Philipp Alfred Aschwanden	University of Melbourne	https://scholar.google.com/citations?hl=en&user=rGYe5fIAAAAJ	N/A	N/A	N/A										
241	Xiaojuan Qi	"Assistant Professor, The University of Hong Kong"	https://scholar.google.com/citations?hl=en&user=bGn0uacAAAAJ	https://twitter.com/qi_xiaojuan	https://twitter.com/qi_xiaojuan	_xwen_	_xwen_									
242	Zhuchang Zhan	"Phd, Massachusetts Institute of Technology"	https://scholar.google.com/citations?hl=en&user=gGJ6jtMAAAAJ	https://twitter.com/ZhuchangZ	https://twitter.com/ZhuchangZ	rachfreed	rachfreed									
243	Marcos Rodrigues	Sheffield Hallam University	https://scholar.google.com/citations?hl=en&user=2UTJ7KQAAAAJ	N/A	N/A	marcos___rp	marcos___rp	mrodrigues_	marcosrs	Markiss98	marodriguesart	MarcosReformed	Saikyokugen	marcosletras	mafiagro	
244	Thibault Févry	Point72	https://scholar.google.com/citations?hl=en&user=QjeNAUEAAAAJ	https://twitter.com/iwontbecreative	https://twitter.com/iwontbecreative	iwontbecreative	iwontbecreative									
245	Yanqing Chen	Stony Brook University	https://scholar.google.com/citations?hl=en&user=9GncT08AAAAJ	N/A	N/A	yanqingchen92	yanqingchen92									
246	Stefan Wager	"Graduate School of Business, Stanford University"	https://scholar.google.com/citations?hl=en&user=_koixUEAAAAJ	N/A	N/A	stanfordnlp	stanfordnlp	h2oai								
247	Rajendra Panda	"Geosystems Research Institute, Mississippi State University, USA"	https://scholar.google.com/citations?hl=en&user=0lJpXSsAAAAJ	N/A	N/A	rajendrapanda10	rajendr04530260	rajendrap007	rajendrapanda10	rajendra6a9ia	rajendra7251	rajendr37224649	rajendr30998304	nprajendra	Rajendr33528301	pandraje
248	Ji Hyung Hong	"College of Medicine, The Catholic University of Korea"	https://scholar.google.com/citations?hl=en&user=_Z5wpjkAAAAJ	https://twitter.com/SuddenHonG	https://twitter.com/SuddenHonG	JihyunReadsYAL	JihyunReadsYAL	hongg	hongji_world	Laurarous	silly_symphony	jihyunradonc	kdramatreats	lime_update		
249	Yuliang Guo	Robert Bosch LLC - Research and Technology Center	https://scholar.google.com/citations?hl=en&user=CP-YkUwAAAAJ	N/A	N/A	YuliangGuo3	YuliangGuo3									
250	Dang Tu Nguyen	University of California Riverside	https://scholar.google.com/citations?hl=en&user=EDCkvfYAAAAJ	N/A	N/A	N/A	uclaaasc									
251	Jimmy Charnley Kromann	Novartis	https://scholar.google.com/citations?hl=en&user=6tGe1DQAAAAJ	https://twitter.com/jckromann	https://twitter.com/jckromann	jckromann	jckromann	imprint.html	articles	using-twitter	en	privacy	tos			
252	Yuxin Chen	Data scientist at Wayfair	https://scholar.google.com/citations?hl=en&user=K3a1CskAAAAJ	N/A	N/A	yuxinch	yuxinch	chenyx04	yuxinchen14							
253	Maria Dimakopoulou	"Senior Research Scientist, Netflix - Stanford University"	https://scholar.google.com/citations?hl=en&user=ySLrpsYAAAAJ	N/A	N/A	himan_abd	himan_abd									
254	Ashvin Nair	UC Berkeley	https://scholar.google.com/citations?hl=en&user=BsOkXDsAAAAJ	https://twitter.com/ashvinair	https://twitter.com/ashvinair	ashvinair	ashvinair									
255	Yonghao Xu	Institute of Advanced Research in Artificial Intelligence (IARAI)	https://scholar.google.com/citations?hl=en&user=sQs2ztAAAAAJ	https://twitter.com/YonghaoXu1	https://twitter.com/YonghaoXu1	anaturcan1	anaturcan1									
256	Qingtian Zhang	"PhD in Computer Science, Tsinghua University"	https://scholar.google.com/citations?hl=en&user=7aAIE6MAAAAJ	N/A	N/A	qingtian_zhang	qingtian_zhang									
257	catherine roussey	TSCF Irstea Clermont-Ferrand	https://scholar.google.com/citations?hl=en&user=g4Kt8ZIAAAAJ	N/A	N/A	Plant2Pro	Plant2Pro									
258	Omid Poursaeed	"Research Scientist, Facebook AI"	https://scholar.google.com/citations?hl=en&user=Ugw9DX0AAAAJ	N/A	N/A	dlicornelltech	dlicornelltech									
259	Yukyung Choi (최유경)	"Assistant Professor, Sejong University"	https://scholar.google.com/citations?hl=en&user=vMrPtrAAAAAJ	https://twitter.com/yukyungchoi	https://twitter.com/yukyungchoi	annykchoi	annykchoi									
260	Inam Ullah Khan	"School of Engineering and Applied Sciences (SEAS), Isra University, Islamabad Campus"	https://scholar.google.com/citations?hl=en&user=NN-PHcIAAAAJ	N/A	N/A	hiktweets	hiktweets	inamukniazi	inammsm	Inamullahkhank7	OpCad1	InamUll91859548	inamullah17360	Inamullah27K	voiceof_swat	
261	Xueheng Hu	Ph.D. University of Notre Dame	https://scholar.google.com/citations?hl=en&user=K0m62eEAAAAJ	N/A	N/A	N/A										
262	Matthew Guzdial	"Assistant Professor, University of Alberta"	https://scholar.google.com/citations?hl=en&user=jKqmTbIAAAAJ	https://twitter.com/MatthewGuz	https://twitter.com/MatthewGuz	MatthewGuz	MatthewGuz									
263	Dongwon Lee	"Instructor, Boston Children's Hospital and Harvard Medical School"	https://scholar.google.com/citations?hl=en&user=7oyAkKkAAAAJ	N/A	N/A	TheSampsonLab	TheSampsonLab									
264	Hao DONG	"Ph.D., Wuhan University"	https://scholar.google.com/citations?hl=en&user=gC1ZxXUAAAAJ	https://twitter.com/RobinDong_	https://twitter.com/RobinDong_	dong_zhang	dong_zhang									
265	Parikshit Ram	IBM Research	https://scholar.google.com/citations?hl=en&user=JaXmmnkAAAAJ	N/A	N/A	NathalieBaraca1	NathalieBaraca1	suryahasyadav	magalhaesv	krvangumalli						
266	Tony Rodriguez	CTO Digimarc	https://scholar.google.com/citations?hl=en&user=CLNX438AAAAJ	N/A	N/A	digimarc	digimarc									
267	Yao Qin	"Research Scientist, Google Brain"	https://scholar.google.com/citations?hl=en&user=z2UlHHUAAAAJ	https://twitter.com/yaoqinucsd	https://twitter.com/yaoqinucsd	YaoQinUCSD	YaoQinUCSD									
268	Mohamed Baker Alawieh	Synopsys	https://scholar.google.com/citations?hl=en&user=OqlZ0TgAAAAJ	https://twitter.com/bakeralawieh	https://twitter.com/bakeralawieh	BakerAlawieh	BakerAlawieh									
269	Adrian Benton	ML Engineer at Bloomberg LP	https://scholar.google.com/citations?hl=en&user=k9g68LwAAAAJ	https://mobile.twitter.com/_adrianbenton_	https://mobile.twitter.com/_adrianbenton_	Adrien18517625	AnyaBenton	tex1sam	adrienrusch	Adrien18517625	archboldfb					
270	Ranjith Unnikrishnan	Lyft Level 5	https://scholar.google.com/citations?hl=en&user=lKvYBwkAAAAJ	N/A	N/A	spineorthodoc	VU2OY	spineorthodoc	spinekerala	RanjitUnnikris1	FiveStarEntert1	real_ranjit				
271	Gianpaolo Ghiani	"Professor of Operations Research, Università del Salento"	https://scholar.google.com/citations?hl=en&user=yyb5lLQAAAAJ	https://twitter.com/GianpaoloGhiani	https://twitter.com/GianpaoloGhiani	N/A	i									
272	Yuta Saito	Cornell University	https://scholar.google.com/citations?hl=en&user=pw4hwS8AAAAJ	N/A	N/A	usait0en	usait0en									
273	Cristian Yones	"Research institute for signals, systems and computational intelligence"	https://scholar.google.com/citations?hl=en&user=K4h-nvQAAAAJ	https://twitter.com/cyones77	https://twitter.com/cyones77	cyones77	cyones77									
274	Hikaru Yokono	Meisei University	https://scholar.google.com/citations?hl=en&user=HFp0oTIAAAAJ	https://mobile.twitter.com/hikaruy	https://mobile.twitter.com/hikaruy	hikaruy	hikaruy									
275	Pallab Datta	IBM Almaden Research Center	https://scholar.google.com/citations?hl=en&user=PUsfLhcAAAAJ	N/A	N/A	pallab_phy	PallabD51940041	pallab_phy	pallabdatta2587	pallab_datta	pallavdatta	pallabdattabd	dtpallab	niper_kolkata		
276	Denny Britz	Google	https://scholar.google.com/citations?hl=en&user=zZNKHdEAAAAJ	https://twitter.com/dennybritz	https://twitter.com/dennybritz	dennybritz	dennybritz									
277	A. H. Abdul Hafez	"Assistant Professor of Robotic Vision, Hasan Kalyoncu University"	https://scholar.google.com/citations?hl=en&user=81UGxdYAAAAJ	https://twitter.com/ahabdulhafez	https://twitter.com/ahabdulhafez	AHAbdulHafez	AHAbdulHafez									
278	Huayi Li	University of Illinois at Chicago	https://scholar.google.com/citations?hl=en&user=AKvz028AAAAJ	N/A	N/A	Li_Huayi	Li_Huayi									
279	Christopher J Gatti	Ronin Institute	https://scholar.google.com/citations?hl=en&user=QjLzInYAAAAJ	N/A	N/A	GattiChris	GattiChris									
280	Álvaro Carrera Barroso	"Associate Professor at Intelligent Systems Group of Universidad Politécnica de Madrid, Spain"	https://scholar.google.com/citations?hl=en&user=mT3KgXUAAAAJ	https://twitter.com/alvarocarrera	https://twitter.com/alvarocarrera	alvarocarrera	alvarocarrera									
281	Maryam Rahnemoonfar	"Associate Professor, University of Maryland Baltimore County"	https://scholar.google.com/citations?hl=en&user=voOGgc4AAAAJ	N/A	N/A	N/A	lehighcee									
282	Dmitriy Shutin	German Aerospace Center (DLR)	https://scholar.google.com/citations?hl=en&user=8x36NpkAAAAJ	N/A	N/A	N/A	ZARM_de									
283	Joongmoo Byun	Hanyang University	https://scholar.google.com/citations?hl=en&user=ymgvITAAAAAJ	N/A	N/A	N/A										
284	Yasmeen M. George	Research Fellow - Faculty of IT at Monash University	https://scholar.google.com/citations?hl=en&user=URHQRGwAAAAJ	https://twitter.com/Yasmeen_George	https://twitter.com/Yasmeen_George	dcapurro	dcapurro									
285	Sakshi Jain	"University of California, Berkeley"	https://scholar.google.com/citations?hl=en&user=P1XH4nkAAAAJ	N/A	N/A	ucberkeleyintl	ucberkeleyintl									
286	Predrag Tosic	Eastern Washington University and Washington State University	https://scholar.google.com/citations?hl=en&user=6a4daLYAAAAJ	https://twitter.com/ptosic	https://twitter.com/ptosic	Pedjolino12	Pedjolino12	predragtosic	predragtosic2	NezavisneBL						
287	Henry Martin	"Chair of Geoinformation Engineering, ETH Zurich"	https://scholar.google.com/citations?hl=en&user=Z27vls4AAAAJ	N/A	N/A	dominikbucher	dominikbucher									
288	Joel Hedlund	Linköping University	https://scholar.google.com/citations?hl=en&user=2yXYH4gAAAAJ	https://twitter.com/drjhedlund	https://twitter.com/drjhedlund	drjhedlund	drjhedlund	TheeJoel	HedenXD	LiU_CMIV	liu_cmiv	nblomberg				
289	Youngjune Gwon	"Vice President, Samsung SDS"	https://scholar.google.com/citations?hl=en&user=sTCpJnkAAAAJ	N/A	N/A	N/A	arxiv_cs_lg									
290	Or Biran	Elemental Cognition	https://scholar.google.com/citations?hl=en&user=fJQZVyAAAAAJ	https://mobile.twitter.com/_orbiran	https://mobile.twitter.com/_orbiran	_orbiran	_orbiran									
291	Kaushik Sinha	Wichita State University	https://scholar.google.com/citations?hl=en&user=_jAhb40AAAAJ	N/A	N/A	ai_utsa	ai_utsa									
292	Caio Eadi Stringari	Unknown affiliation	https://scholar.google.com/citations?hl=en&user=03E9NhEAAAAJ	N/A	N/A	N/A										
293	pat hayes	"Senior Scientist, Florida Institute for Human and Machine Cognition (IHMC)"	https://scholar.google.com/citations?hl=en&user=KgBamRYAAAAJ	N/A	N/A	pathayes4	realpathayes	pathayes_	patrick_hayes	pathayes4	bffd16	padohaodha	pzhayes	patrickthayes	patrickahayes	pfjhayes
294	Jonathan Donier	"Senior Research Scientist, Spotify"	https://scholar.google.com/citations?hl=en&user=3hoYiLAAAAAJ	https://twitter.com/jjdonier	https://twitter.com/jjdonier	jjdonier	jjdonier	arxiv_cs_LG	i							
295	Farshad Firouzi	Duke University	https://scholar.google.com/citations?hl=en&user=X7a38bAAAAAJ	N/A	N/A	dukeforge	dukeforge									
296	Andrea Loreggia	European University Institute	https://scholar.google.com/citations?hl=en&user=UM3WuDQAAAAJ	N/A	N/A	aloreggia	aloreggia									
297	Shivajirao Jadhav	"Professor, Information Technology Department, Dr. Babasaheb Ambedkar Technological University Lonere"	https://scholar.google.com/citations?hl=en&user=gK6Eq_UAAAAJ	https://twitter.com/ShivajiraoJadha	https://twitter.com/ShivajiraoJadha	agce_satara	agce_satara									
298	Miquel L. Alomar Barceló	Universitat de les Illes Balears	https://scholar.google.com/citations?hl=en&user=1yfFjoYAAAAJ	N/A	N/A	uibuniversitat	uibuniversitat									
299	Marek Schikora	Bayer CropScience	https://scholar.google.com/citations?hl=en&user=P3HzV5wAAAAJ	https://twitter.com/marekschikora	https://twitter.com/marekschikora	MarekSchikora	MarekSchikora									
300	Kuangdai Leng	"Senior Data Scientist, Rutherford Appleton Laboratory"	https://scholar.google.com/citations?hl=en&user=m_9Z7oEAAAAJ	N/A	N/A	N/A	ml_sci									
301	Omid Jahromi	"Sr Machine Learning Engineer, Belkin International Inc"	https://scholar.google.com/citations?hl=en&user=dT6oq6YAAAAJ	N/A	N/A	rzimmt	rzimmt									
302	Seok Bong Yoo	Chonnam National University	https://scholar.google.com/citations?hl=en&user=e4kpG_4AAAAJ	N/A	N/A	yooyeonseok_ph	yooyeonseok_ph									
303	Felix Bragman	Babylon Health	https://scholar.google.com/citations?hl=en&user=0Qn2UvAAAAAJ	https://twitter.com/FelixJSB	https://twitter.com/FelixJSB	felixjsb	felixjsb									
304	Mateusz Baran	AGH University of Science and Technology	https://scholar.google.com/citations?hl=en&user=r_Z7hdQAAAAJ	https://twitter.com/BloCraSt	https://twitter.com/BloCraSt	instceramiki	instceramiki									
305	Roberto Antonio Becerra García	Universidad de Málaga	https://scholar.google.com/citations?hl=en&user=daakMTIAAAAJ	N/A	N/A	qquemexico	qquemexico									
306	Márcio Silva	Assistant Professor of Computer Science in the Federal University of Mato Grosso do Sul	https://scholar.google.com/citations?hl=en&user=XEh8i9sAAAAJ	N/A	N/A	marcio_sillva	mrciosi50743607	marciojmsilva	mmarcioshingo	marcio_sillva	cfsmarcio	Marcio778	MarcioRealtor	marosil	mars_silva_	tombense
307	Meghyn Bienvenu	CNRS Researcher	https://scholar.google.com/citations?hl=en&user=xCZr-2oAAAAJ	N/A	N/A	gdr_ia	gdr_ia									
308	Xun Chen	Unknown affiliation	https://scholar.google.com/citations?hl=en&user=70mGgQoAAAAJ	N/A	N/A	aimenlau	aimenlau									
309	Vibhor Sehgal	Graduate student at UC Berkeley	https://scholar.google.com/citations?hl=en&user=9akMPmsAAAAJ	https://twitter.com/VibhorSehgal3	https://twitter.com/VibhorSehgal3	aviaizenman	aviaizenman									
310	Marko Bohanec	"Chief researcher, founder at Salvirt ltd."	https://scholar.google.com/citations?hl=en&user=SyhpI1sAAAAJ	https://twitter.com/MarkoBohanec	https://twitter.com/MarkoBohanec	knowledgetechn2	knowledgetechn2									
311	Feng Chen	"Department of Computer Science, UT Dallas"	https://scholar.google.com/citations?hl=en&user=KOQ-SSYAAAAJ	N/A	N/A	utswpediatrics	utswpediatrics									
312	Sascha Roloff	Robert Bosch GmbH	https://scholar.google.com/citations?hl=en&user=P-8zrioAAAAJ	N/A	N/A	sascharoloff	sascharoloff									
313	Amitava Gangopadhyay	Information Technology Industries	https://scholar.google.com/citations?hl=en&user=86iP8VEAAAAJ	N/A	N/A	N/A										
314	Yashpalsing Chavhan	Assistant Professor GCE Karad	https://scholar.google.com/citations?hl=en&user=tRJUkq4AAAAJ	N/A	N/A	N/A										
315	Alvaro Cortes Cabrera	Computational Chemist	https://scholar.google.com/citations?hl=en&user=lGAHZ6sAAAAJ	N/A	N/A	N/A										
316	Hau Chan	"Assistant Professor, University of Nebraska-Lincoln"	https://scholar.google.com/citations?hl=en&user=R1w52RIAAAAJ	N/A	N/A	N/A										
317	Vishwa Kumar	Stuart School of Business | Illinois Institute of Technology-Chicago	https://scholar.google.com/citations?hl=en&user=pfxFwkYAAAAJ	N/A	N/A	N/A										
318	Atri Dutta	"Associate Professor, Aerospace Engineering, Wichita State University"	https://scholar.google.com/citations?hl=en&user=-Ewv_iEAAAAJ	https://twitter.com/AtriDutta	https://twitter.com/AtriDutta	atridutta	atridutta									
319	Yuan Xie	Stanford Department of Radiology	https://scholar.google.com/citations?hl=en&user=Epc9hsYAAAAJ	N/A	N/A	TiankangX	TiankangX									
320	Panos Dafas	Fulcrum Asset Management	https://scholar.google.com/citations?hl=en&user=y4q1txsAAAAJ	N/A	N/A	N/A										
321	Ivan Bolesta / Іван Болеста	"Ivan Franko National University of Lviv, Львівський національний університет імені Івана Франка"	https://scholar.google.com/citations?hl=en&user=3A7ZKQcAAAAJ	N/A	N/A	N/A										
322	Ying QIN	"Department of Computer Science, Beijing Foreign Studies University"	https://scholar.google.com/citations?hl=en&user=Cum7cAkAAAAJ	N/A	N/A	amyyqin	amyyqin									
323	Masuma Mammadova	"Institute of Information Technology, Azerbaijan National Academy of Sciences"	https://scholar.google.com/citations?hl=en&user=EfEWyaIAAAAJ	N/A	N/A	N/A	EejetJournal									
324	Mustafa Mumtaz	National University of Sciences and Technology	https://scholar.google.com/citations?hl=en&user=tenhlTYAAAAJ	N/A	N/A	frazinam	frazinam									
325	Tarek Gaber	"Associate Prof. @ Suez Canal University, EG, Lecturer in Software Engineering, University of Salford"	https://scholar.google.com/citations?hl=en&user=a9glOYUAAAAJ	N/A	N/A	tarek_gaber	tarek_gaber	Tarekga40195257	Tarek_7000	tarek_7000	tarek_kazem	TarekGa75060352	TarekGa69893015	bassmagaber		
326	Bruce Culbertson	retired	https://scholar.google.com/citations?hl=en&user=orYtLw4AAAAJ	N/A	N/A	chantheman4	chantheman4									
327	Abdul Rehman	"Bartol Research Institute, Department of Physics and Astronomy, University of Delaware, Newark, DE"	https://scholar.google.com/citations?hl=en&user=hcu4igcAAAAJ	N/A	N/A	gcabdulrehman	arehmangujjar2	arsgd97	summergamefest	gcabdulrehman	UOS_edu	IEEE_UAEU				
328	Maxine Tan	Monash University Malaysia	https://scholar.google.com/citations?hl=en&user=LY0_5AMAAAAJ	N/A	N/A	N/A	MICHAELSEGZY									
329	Josep LLuis Arcos	"Research Scientist, Artificial Intelligence Research Institute (IIIA-CSIC)"	https://scholar.google.com/citations?hl=en&user=UVFnVIUAAAAJ	N/A	N/A	iiiacsic	iiiacsic									
330	Rojin Safavi	UC Santa Cruz Genomics Institute	https://scholar.google.com/citations?hl=en&user=M7BW92EAAAAJ	https://twitter.com/rojinsafavi	https://twitter.com/rojinsafavi	Rojinsafavi	Rojinsafavi									
331	Sara Sabour	"Brain, Google"	https://scholar.google.com/citations?hl=en&user=l8wQ39EAAAAJ	https://twitter.com/sabour_sara	https://twitter.com/sabour_sara	sabour_sara	sabour_sara									
332	Ben Williams	"Researcher, Plymouth University"	https://scholar.google.com/citations?hl=en&user=-kdzhXIAAAAJ	N/A	N/A	gnester	gnester									
333	David Medina-Ortiz	PhD Universidad de Chile	https://scholar.google.com/citations?hl=en&user=Mu139UwAAAAJ	N/A	N/A	udemagallanes	udemagallanes									
334	Rexiline Ragani John Victor	Hindustan University	https://scholar.google.com/citations?hl=en&user=lRx0ob4AAAAJ	N/A	N/A	N/A										
335	Anthony Siming Chen	University of Bristol	https://scholar.google.com/citations?hl=en&user=uAHIA1wAAAAJ	N/A	N/A	intent	intent									
336	Fabian B. Fuchs	University of Oxford	https://scholar.google.com/citations?hl=en&user=nqQdwhsAAAAJ	https://twitter.com/fabianfuchsml	https://twitter.com/fabianfuchsml	martinengelcke	martinengelcke									
337	Liangliang Nan	"Assistant Professor, Delft University of Technology"	https://scholar.google.com/citations?hl=en&user=2ONN8tUAAAAJ	N/A	N/A	N/A	thecgalproject									
338	David J. Berg	"Senior Software Engineer, Machine Learning Infrastructure, Netflix"	https://scholar.google.com/citations?hl=en&user=D5GLRR8AAAAJ	N/A	N/A	ddbergMD	ddbergMD	ddbergmd	djberg60	davidjberg218	davidjaberg	bergd37	dbergw			
339	Dai YAO	Associate Professor of Marketing	https://scholar.google.com/citations?hl=en&user=maXjPQwAAAAJ	N/A	N/A	N/A										
340	Vansh Makh	Balbix Inc.	https://scholar.google.com/citations?hl=en&user=yXstB1cAAAAJ	https://twitter.com/vanshmakh	https://twitter.com/vanshmakh	vanshmakh	vanshmakh									
341	Javier Vales	Technical University of Cartagena	https://scholar.google.com/citations?hl=en&user=pSVZN5IAAAAJ	https://twitter.com/jvalesf	https://twitter.com/jvalesf	JavoVG	JavoVG	javovg	jvf1978	JAVIERVALES3	javitovales	elconfesorreal				
342	Arunava Chakravarty	Postdoc Medical University of Vienna; Research Consultant IIT Kharagpur; Phd IIIT Hyderabad	https://scholar.google.com/citations?hl=en&user=Tk2svbAAAAAJ	https://twitter.com/ArunavaChakrav1	https://twitter.com/ArunavaChakrav1	arunavc	arunavc	ArunavaChakrav1	cool_arunav	arunava						
343	"Hamid Reza Tohidypour, PhD"	"University of British Columbia, Electrical and Computer Engineering Dept."	https://scholar.google.com/citations?hl=en&user=ur0t32AAAAAJ	N/A	N/A	N/A										
344	Florent Brunet	"Postdoc in Computer Science, Institut de Recherche en Informatique de Toulouse"	https://scholar.google.com/citations?hl=en&user=HXDdWZUAAAAJ	N/A	N/A	florianbrunet78	florianbrunet78	beeftac	florentbrunet4	florentbrunet3	datacitron	babathl	Aurel1du64			
345	Md Nazrul Islam	"Associate Professor, King Faisal University, Saudi Arabia"	https://scholar.google.com/citations?hl=en&user=A5kdzN4AAAAJ	N/A	N/A	nazrul68	nazrul68									
346	Zhonghao Wang	"PhD Candidate of Computer Engineering, UIUC"	https://scholar.google.com/citations?hl=en&user=opL6CL8AAAAJ	https://twitter.com/wzhonghao000	https://twitter.com/wzhonghao000	wzhonghao000	wzhonghao000									
347	Szymon Rusinkiewicz	"Princeton University, Department of Computer Science"	https://scholar.google.com/citations?hl=en&user=RaScARwAAAAJ	N/A	N/A	Princeton	Princeton									
348	Oto Araújo Vale	"Professor Computational Linguistics, Universidade Federal de São Carlos"	https://scholar.google.com/citations?hl=en&user=UE4-SmAAAAAJ	N/A	N/A	MaisADUFSCar	MaisADUFSCar									
349	Vimal Chandran	GE Heathcare	https://scholar.google.com/citations?hl=en&user=ihDoKwUAAAAJ	https://twitter.com/vimalcme	https://twitter.com/vimalcme	Vimalcme	Vimalcme	GPazhanimala	shanndavis_	antonio51323740	cafe_papaya					
350	Asifullah Khan	"Department of Computer and Information Sciences, PIEAS, Pakistan"	https://scholar.google.com/citations?hl=en&user=C8uhO88AAAAJ	N/A	N/A	merikhano	merikhano	asifullahk	asifullahkhan	sokhtun	engrasifktk	asifullah80	impakkhann	khanasifu		
351	Yair Alon (prev. Movshovitz-Attias)	Google Research	https://scholar.google.com/citations?hl=en&user=Kd1_AzgAAAAJ	N/A	N/A	N/A										
352	Jeremy M Cohen	"PhD student, Carnegie Mellon University"	https://scholar.google.com/citations?hl=en&user=r493814AAAAJ	https://twitter.com/deepcohen	https://twitter.com/deepcohen	deepcohen	deepcohen									
353	Matthew McBee	"Data Scientist, Eastman Chemical Company"	https://scholar.google.com/citations?hl=en&user=n6P6MCEAAAAJ	https://twitter.com/tunneloffire	N/A	ContMedEdu_ETSU	ContMedEdu_ETSU									
354	Suat Gumussoy	Siemens Technology	https://scholar.google.com/citations?hl=en&user=yW-r4J8AAAAJ	https://twitter.com/SuatGumussoy	https://twitter.com/SuatGumussoy	suat0671	suat0671									
355	Oksam Chae	Kyunghee University	https://scholar.google.com/citations?hl=en&user=LvF6Ie8AAAAJ	N/A	N/A	N/A										
356	Yang Chen	Case Western Reserve University	https://scholar.google.com/citations?hl=en&user=F2jp4HAAAAAJ	N/A	N/A	tianle_cai	tianle_cai									
357	Daniel Zhengyu Huang	California Institute of Technology	https://scholar.google.com/citations?hl=en&user=K9rteNIAAAAJ	N/A	N/A	N/A										
358	Sadanand Singh	whiterabbit.ai	https://scholar.google.com/citations?hl=en&user=rSMYeYEAAAAJ	https://twitter.com/reckoningdev	N/A	reckoningdev	reckoningdev									
359	Isabell Kiral	Amazon Web Services	https://scholar.google.com/citations?hl=en&user=VrHnu58AAAAJ	https://twitter.com/isa_kiko	https://twitter.com/isa_kiko	mahtabm81	mahtabm81	isa_kiko	DayofAIAustral1	gdgmelbourne	emcrbrainau	dremmagallaher	neuroethicsau			
360	Fernando Lopez Irarragorri	"Research Professor of Operations Research, Universidad Autonoma de Nuevo Leon, FIME, UANL"	https://scholar.google.com/citations?hl=en&user=pCXuLtYAAAAJ	N/A	N/A	uanl	uanl									
361	Mohak Gupta	"Internal Medicine, Cleveland Clinic Main Campus, USA"	https://scholar.google.com/citations?hl=en&user=tP6tN-YAAAAJ	https://twitter.com/xmohakgupta	https://twitter.com/xmohakgupta	xmohakgupta	xmohakgupta									
362	Paidamoyo Chapfuwa	Stanford University	https://scholar.google.com/citations?hl=en&user=aPFR6-AAAAAJ	N/A	N/A	chapfuwa	chapfuwa									
363	"Omar Falou, PhD"	Ryerson University	https://scholar.google.com/citations?hl=en&user=QugrtBgAAAAJ	https://twitter.com/ofalou	https://twitter.com/ofalou	ofalou	ofalou	sojahrood	OmarRajua	MC_deAndrade	gabriel_schirm	Omarboucher				
364	Fang-Chieh Chou	"Tech Lead Manager, Aurora Innovation"	https://scholar.google.com/citations?hl=en&user=aenlXyEAAAAJ	https://twitter.com/FangChieh_Chou	https://twitter.com/FangChieh_Chou	CHIEHcc	CHIEHcc									
365	Yujian Ye	Southeast University and Imperial College London	https://scholar.google.com/citations?hl=en&user=qTfzIjUAAAAJ	N/A	N/A	yujian_ye	yujian_ye									
366	Rianne van den Berg	"senior researcher, Microsoft Research"	https://scholar.google.com/citations?hl=en&user=KARgiboAAAAJ	https://twitter.com/vdbergrianne	https://twitter.com/vdbergrianne	vdbergrianne	vdbergrianne	intent								
367	Francesca Uccheddu	Università di Padova	https://scholar.google.com/citations?hl=en&user=YcXfTE0AAAAJ	N/A	N/A	marcotosi16	marcotosi16									
368	Hans Meine	University of Bremen & Fraunhofer MEVIS	https://scholar.google.com/citations?hl=en&user=3p5J60kAAAAJ	N/A	N/A	intent	intent	FraunhoferMEVIS								
369	Andreas Bell Martinsen	"Department of Engineering Cybernetics, Norwegian University of Science and Technology"	https://scholar.google.com/citations?hl=en&user=ja4OhD0AAAAJ	N/A	N/A	NTNU	NTNU									
370	Richard Morris	"Translational datascientist, University of Sydney"	https://scholar.google.com/citations?hl=en&user=tiZ-MCgAAAAJ	N/A	N/A	richardmorrisuk	richardmorrisuk	domaindrivendev	northsideguru	rwmorris	Richard_Nepal	rmparliament	rkmorris1177	richard_m51	richmorris63	
371	A. Cuneyd Tantug	"Assoc. Prof. Dr., Istanbul Technical University Faculty of Computer and Informatics"	https://scholar.google.com/citations?hl=en&user=TTawdWMAAAAJ	https://twitter.com/cuneydtantug	https://twitter.com/cuneydtantug	cuneydtantug	cuneydtantug									
372	Arantza Aldea	Senior Lecturer in Computing Oxford Brookes University	https://scholar.google.com/citations?hl=en&user=fluUHQQAAAAJ	N/A	N/A	arantzaaldea	arantzaaldea									
373	Chunbo Lang (郎春博)	"PhD student, Northwestern Polytechnical University"	https://scholar.google.com/citations?hl=en&user=gN7DIt0AAAAJ	N/A	N/A	N/A										
374	Yuen Yee Lo	Research scientist	https://scholar.google.com/citations?hl=en&user=I4HfvtkAAAAJ	N/A	N/A	teresapalooza	teresapalooza									
375	Tomasz Kornuta	Sr. Applied Research Scientist @ NVIDIA	https://scholar.google.com/citations?hl=en&user=8BcPJT4AAAAJ	https://twitter.com/TomaszKornuta	https://twitter.com/TomaszKornuta	TomaszKornuta	TomaszKornuta									
376	Augusto Salazar	Professor at Universidad de Antioquia	https://scholar.google.com/citations?hl=en&user=0bLi52AAAAAJ	N/A	N/A	huawei_colombia	huawei_colombia									
377	Miłosław Smyk	Unknown affiliation	https://scholar.google.com/citations?hl=en&user=_ieB9DAAAAAJ	N/A	N/A	oskarpolsky	oskarpolsky									
378	John Slankas	"PhD Candidate, North Carolina State University"	https://scholar.google.com/citations?hl=en&user=F4FlJmEAAAAJ	https://mobile.twitter.com/johnslankas	https://mobile.twitter.com/johnslankas	johnslankas	johnslankas									
379	Tamal Ghosh	"Scientific Researcher, NTNU i Gjøvik"	https://scholar.google.com/citations?hl=en&user=vOmC9A0AAAAJ	N/A	N/A	tamalghosh212	tamal4u	tamal_ghosh	TamalGh66068831	TamalGh94463972	tamal_4u	tamalghosh212	TamalGhosh20	metghosh	Sherlock_Tamal	tamalg100
380	Arnau Serra-Cayuela	Unknown affiliation	https://scholar.google.com/citations?hl=en&user=XieQveUAAAAJ	N/A	N/A	aprat11	aprat11									
381	Satyajeet Khare	"Assistant Professor, Symbiosis School of Biological Sciences, Symbiosis International University"	https://scholar.google.com/citations?hl=en&user=pJZ1z4kAAAAJ	https://twitter.com/satyajeetkhare	https://twitter.com/satyajeetkhare	satyajeetkhare	satyajeetkhare									
382	Partha Talukdar	Google Research and IISc Bangalore	https://scholar.google.com/citations?hl=en&user=CIZwXAcAAAAJ	https://twitter.com/partha_p_t	https://twitter.com/partha_p_t	partha_p_t	partha_p_t									
383	Dekang Lin	"Senior Staff Research Scientist, Google"	https://scholar.google.com/citations?hl=en&user=VvdtcWcAAAAJ	N/A	N/A	cfournie	cfournie									
384	Nan Xu	Institute of Automation Chinese Academy of Sciences	https://scholar.google.com/citations?hl=en&user=oJcp__wAAAAJ	N/A	N/A	NanXuRattanason	NanXuRattanason	nanxurattanason	xunannancy	xunan2005	lx_xunan	nanzexu				
385	Yushi Chen	哈尔滨工业大学	https://scholar.google.com/citations?hl=en&user=A39S7JgAAAAJ	N/A	N/A	chenyushi	chenyushi	Chenyushi	ulivolz	frontrsens						
386	Yanir Seroussi	Monash University	https://scholar.google.com/citations?hl=en&user=NR254LoAAAAJ	N/A	N/A	N/A	chewxy									
387	Víctor Sánchez-Anguix	Universitat Politècnica de València	https://scholar.google.com/citations?hl=en&user=DIpOnhEAAAAJ	https://twitter.com/drvicsana	https://twitter.com/drvicsana	UkkoisLost	UkkoisLost									
388	Yunzhi Tan	Tencent	https://scholar.google.com/citations?hl=en&user=dpkRrcUAAAAJ	N/A	N/A	trendingweibo	trendingweibo	dailycpop	mengchy3	fycosmicgirls	dramapotatoe	adriana_liuyi				
389	Viet-Vu Vu	"Vietnam National University, Hanoi"	https://scholar.google.com/citations?hl=en&user=qBQjRToAAAAJ	N/A	N/A	vnuisglobal	vnuisglobal									
390	Ammar Alazab	Melbourne Institute Technology	https://scholar.google.com/citations?hl=en&user=6FZeex0AAAAJ	N/A	N/A	ammar_alazab	ammar_alazab									
391	Dr. Nasir Ahmad	"Associate Professor, University of Engineering & Technology Peshawar, Pakistan"	https://scholar.google.com/citations?hl=en&user=lyi9AhwAAAAJ	N/A	N/A	elrufai	elrufai	zuhaib51338679	AnsarullahUSA	DrNasirAhmadDa1	drnasirahmadsaj	nasir9002	drnasirahmadda1	dr_nasirahmed	nasirahmadlone5	
392	Jun Wan (万军)	"Associate Professor at NLPR,Institute of Automation, Chinese Academy of Sciences (CASIA), China"	https://scholar.google.com/citations?hl=en&user=bSbc7FQAAAAJ	N/A	N/A	wanjunxie	wanjunxie									
393	Youssef NAKKABI	Unknown affiliation	https://scholar.google.com/citations?hl=en&user=n7PZfIIAAAAJ	N/A	N/A	plurilock	plurilock									
394	Zhiyuan Zha (查志远)	Nanyang Technological University	https://scholar.google.com/citations?hl=en&user=JgiasCAAAAAJ	N/A	N/A	lidangzzz	lidangzzz	kenwong_	duqiaoxiaoyao	jamesquan10						
395	Åsa Rudström	Senior Scientific Researcher RISE	https://scholar.google.com/citations?hl=en&user=yyt76dwAAAAJ	https://mobile.twitter.com/asarudstrom	https://mobile.twitter.com/asarudstrom	asarudstrom	asarudstrom									
396	Stefan Mandl	EXASOL	https://scholar.google.com/citations?hl=en&user=G_MUYicAAAAJ	https://twitter.com/stmandl1	https://twitter.com/stmandl1	stmandl1	stmandl1									
397	Alexander Ladikos	ImFusion GmbH	https://scholar.google.com/citations?hl=en&user=0fUQE3EAAAAJ	N/A	N/A	matteoronchetti	matteoronchetti	ImFusionGmbH	3dbodytech	recfusion						
398	"Mohammed El Hassouni,"	"Full Professor, Computer Science, Mohammed V University in Rabat, Morocco"	https://scholar.google.com/citations?hl=en&user=aIwj9L0AAAAJ	N/A	N/A	ayoub_karine	ayoub_karine									
399	Ariadna Quattoni	"dMetrics, USA"	https://scholar.google.com/citations?hl=en&user=D1okUccAAAAJ	https://twitter.com/AriadnaQuattoni	https://twitter.com/AriadnaQuattoni	xavier_nlp	xavier_nlp									
400	Dhruv Mahajan	"Research Scientist at Computer Vision Group, Facebook AI"	https://scholar.google.com/citations?hl=en&user=Gd9HQn2UsNoC	https://twitter.com/dkm2110	https://twitter.com/dkm2110	LuSun_Selena	LuSun_Selena									
401	Milos Stojmenovic	"Professor of Computer Science, Singidunum University"	https://scholar.google.com/citations?hl=en&user=6rVzpVoAAAAJ	https://twitter.com/Edlerlos	https://twitter.com/Edlerlos	Milosmilograf	Milosmilograf									
402	Saeed Saadat	Heinrich Heine Universität Düsseldorf	https://scholar.google.com/citations?hl=en&user=CXSBKXQAAAAJ	N/A	N/A	saeedsa57126457	saeedsa57126457	saeedehsa324212	saadat_k	saadatbhutta	saeedazadlive	SyedSaadat55				
403	Youyong Kong	"Associate Professor at School of Computer Science and Engineering, Southeast University"	https://scholar.google.com/citations?hl=en&user=0eq6vFAAAAAJ	N/A	N/A	BrundageBot	BrundageBot	arxiv_cs_cv_pr	Bschulz5	bogummynoona	tamialiu_					
404	Qurrat Ul Ain	Data Science Principal Accenture	https://scholar.google.com/citations?hl=en&user=NAMmPvEAAAAJ	https://twitter.com/qain_ain9	https://twitter.com/qain_ain9	chopra_drsapna	chopra_drsapna									
405	Michaël Bernier	"A.A. Martinos Center, MGH, Harvard Medical School"	https://scholar.google.com/citations?hl=en&user=AxpUa8IAAAAJ	https://twitter.com/MikeBernierPhD	https://twitter.com/MikeBernierPhD	mikebernierphd	mikebernierphd									
406	Jordan Cheney	Noblis	https://scholar.google.com/citations?hl=en&user=9jATG0kAAAAJ	N/A	N/A	jordancheneyyyy	jordancheneyyyy	cheney_6	jodie3492	jordycheney	jcheney09					
407	Chinh Dang	Michigan State University	https://scholar.google.com/citations?hl=en&user=MJ5Ip7oAAAAJ	N/A	N/A	LouisTDang	LouisTDang									
408	Lalindra De Silva	University of Utah	https://scholar.google.com/citations?hl=en&user=6aKVqFsAAAAJ	https://twitter.com/lalindra_silva	https://twitter.com/lalindra_silva	Lalindr91677352	Lalindr91677352	lalindra_silva								
409	Shuhang Gu	"ETH, Zurich"	https://scholar.google.com/citations?hl=en&user=-kSTt40AAAAJ	N/A	N/A	shuhang_wang	shuhang_wang									
410	Ruben Stranders	Research Fellow	https://scholar.google.com/citations?hl=en&user=2pfB5kgAAAAJ	N/A	N/A	mizruben	mizruben									
411	Francisco Silva	Unknown affiliation	https://scholar.google.com/citations?hl=en&user=kLhLbBIAAAAJ	https://twitter.com/DrCisco	https://twitter.com/DrCisco	N/A	fj74582	recyeet	lfordisco	ingfsilva	franjs27	franciscohs12	kaory_asami1	frankdorio	fsilva008	
412	Syed Mehmud	"Wakely Consulting Group, PredictiveModeler.com"	https://scholar.google.com/citations?hl=en&user=M4k09k4AAAAJ	N/A	N/A	syedmuzayan	syedmuzayan									
413	Noor Farizah Ibrahim	University of Bristol	https://scholar.google.com/citations?hl=en&user=3WIesX0AAAAJ	N/A	N/A	N/A										
414	Anselm Paulus	"B.Sc. Physics & B.Sc. Computer Science Student, University of Tübingen"	https://scholar.google.com/citations?hl=en&user=njZL5CQAAAAJ	https://twitter.com/AnselmPaulus	https://twitter.com/AnselmPaulus	anselmpaulus	anselmpaulus									
415	Ebru ANGUN	"Associate Professor of Operations Research, Galatasaray University"	https://scholar.google.com/citations?hl=en&user=6MiwwtsAAAAJ	N/A	N/A	mebruangun	mebruangun	MEbruAngun								
416	Karthik Sekaran	"Teaching Research Assistant, Vellore Institute of Technology"	https://scholar.google.com/citations?hl=en&user=Kst7LyEAAAAJ	N/A	N/A	madrastalkies_	madrastalkies_	sekarankarthik	karthiksekaran9	Chess__News	MadrasTalkies_	chandramouli_c	PrimeVideoIN			
417	Steven Walczak	University of South Florida	https://scholar.google.com/citations?hl=en&user=vKtg3n4AAAAJ	N/A	N/A	DylanHuang22	DylanHuang22									
418	Noah Klarmann	"Full Professor, Rosenheim Technical University of Applied Sciences"	https://scholar.google.com/citations?hl=en&user=OTgfPR0AAAAJ	N/A	N/A	sim2realaiorg	sim2realAIorg	sim2realaiorg	josipjosifovski	Noah_Klarmann	noah_klarmann	nico_navarro_g				
419	Xiaoyun Zhang	Shanghai Jiao Tong University	https://scholar.google.com/citations?hl=en&user=0m0aIqsAAAAJ	https://twitter.com/XiaoyunZhang1	https://twitter.com/XiaoyunZhang1	XiaoyunZhang1	XiaoyunZhang1	xiaoyunzhang1	xiaoyunzhang8	xiaoyunzhang310	CloudsZhang0727	xiaoyunzhang2				
420	Sapiah Sakri	Princess Nourah Bint Abdulrahman University	https://scholar.google.com/citations?hl=en&user=JxILir4AAAAJ	N/A	N/A	mampujpm	mampujpm									
421	Hongbo Li (李洪波)	"Associate Professor, School of Management, Shanghai University, China."	https://scholar.google.com/citations?hl=en&user=LXkToL4AAAAJ	N/A	N/A	lihongboart	lihongboart	LiHongboArt	SgArtMuseum							
422	Denio Duarte	"Professor of Computer Science, Federal University of Fronteira Sul"	https://scholar.google.com/citations?hl=en&user=c_rARW4AAAAJ	https://twitter.com/DenioDuarte4	https://twitter.com/DenioDuarte4	denioduarte7	denioduarte7									
423	Nimisha Ghosh	ERCIM Postdoctoral Fellow at University of Warsaw	https://scholar.google.com/citations?hl=en&user=xL2hG8UAAAAJ	N/A	N/A	nimighosh	nimighosh	FrontGenetics	frontgenetics							
424	Zhiwen Fang	"Software Engineer, Google"	https://scholar.google.com/citations?hl=en&user=FfMi_eUAAAAJ	N/A	N/A	vincent_luozw	vincent_luozw	uclachem	zarazarafa	BrundageBot	realkaranahuja					
425	Wen-wai Yim	Microsoft	https://scholar.google.com/citations?hl=en&user=zLbXslcAAAAJ	N/A	N/A	N/A	NCI_CSSI									
426	Santiago Pagani	Software Architect for Driver Assistance Systems at Robert Bosch GmbH	https://scholar.google.com/citations?hl=en&user=SCDIU0IAAAAJ	https://twitter.com/Palata94SP	https://twitter.com/Palata94SP	BoschGlobal	BoschGlobal									
427	Djamila Aouada	"Senior Research Scientist, Interdisciplinary Centre for Security, Reliability, and Trust (SnT"	https://scholar.google.com/citations?hl=en&user=WBmJVSkAAAAJ	https://twitter.com/AouadaDjamila	https://twitter.com/AouadaDjamila	uni_lu	uni_lu									
428	Muhammad Abdullah Hanif	"Ph.D. Scholar, Vienna University of Technology"	https://scholar.google.com/citations?hl=en&user=Oxe-MCcAAAAJ	N/A	N/A	NDSAfghanistan	NDSAfghanistan									
429	Christos A Nicolaou	"Discovery Chemistry, Eli Lilly & Co."	https://scholar.google.com/citations?hl=en&user=LO-uk0YAAAAJ	N/A	N/A	epinoesis	epinoesis									
430	Xiaolin Zhang	University of Technology Sydney	https://scholar.google.com/citations?hl=en&user=BPEA2NMAAAAJ	N/A	N/A	archozmediaarts	archozmediaarts									
431	Omid G. Sani	University of Southern California	https://scholar.google.com/citations?hl=en&user=HMRETvYAAAAJ	N/A	N/A	omidsani	omidsani									
432	Jason Wolfe	"Ph.D, University of California, Berkeley"	https://scholar.google.com/citations?hl=en&user=wHlw1L4AAAAJ	https://twitter.com/w01fe	https://twitter.com/w01fe	jasonsynaptic	region9nacada	gradepending_	jasonsynaptic	peter_limbrick	ciggoncalves					
433	Daniel Perea Ström	"Research Engineer, Universidad de La Laguna"	https://scholar.google.com/citations?hl=en&user=E9tbTlUAAAAJ	https://twitter.com/riverstrom	https://twitter.com/riverstrom	riverstrom	riverstrom	system73polynet								
434	Sony Hartono Wijaya	"Lecturer, Computer Science - Bogor Agricultural University"	https://scholar.google.com/citations?hl=en&user=NpxjUQMAAAAJ	https://twitter.com/sonyhartono	https://twitter.com/sonyhartono	sonyhartono	sonyhartono									
435	Eun-Kyoung Kim	Gyeongsang National university	https://scholar.google.com/citations?hl=en&user=9ECmME8AAAAJ	N/A	N/A	eunkim	eunkim	EunKim	ek0214	ccobee	dokyoon_kim	keg1313				
436	Miaolin Fan	Massachusetts general hospital	https://scholar.google.com/citations?hl=en&user=M9OTi40AAAAJ	N/A	N/A	MarioSuva	MarioSuva									
437	Xiao Zheng	National University of Defense Technology	https://scholar.google.com/citations?hl=en&user=jlDujFcAAAAJ	N/A	N/A	N/A										
438	Fangyin Wei	Princeton University	https://scholar.google.com/citations?hl=en&user=w9rFBkEAAAAJ	N/A	N/A	FangyinW	FangyinW									
439	Yi Wang	Vanier College	https://scholar.google.com/citations?hl=en&user=J8OeawMAAAAJ	N/A	N/A	yyiwang	wyiqut	appealingmm	Yi_Wang	yiwang_ucl	profdryi	yyiwang	yiyiwang	Yiii0104	napattack3	cxwangyi
440	Suzaimah Ramli	"Associate Profesor, National Defence University of Malaysia"	https://scholar.google.com/citations?hl=en&user=Y2NmnkUAAAAJ	https://twitter.com/suzaimahramli	https://twitter.com/suzaimahramli	suzaimahramli	suzaimahramli									
441	Jingjie Yeo (杨晶杰)	"Assistant Professor, Cornell University"	https://scholar.google.com/citations?hl=en&user=iXW_FtMAAAAJ	https://twitter.com/JingjieYeo	https://twitter.com/JingjieYeo	JingjieYeo	JingjieYeo	TheMartlets								
442	Tao Lei	Shaanxi University of Science and Technology	https://scholar.google.com/citations?hl=en&user=nLpRqykAAAAJ	N/A	N/A	lileics	lileics	taolei15949106	Tao_CS	tao_cs	taovalue	antgrouptaoli	jiangfeng1124	__howardchen		
443	Huy Tran	Auckland University of Technology	https://scholar.google.com/citations?hl=en&user=rzM6DFUAAAAJ	N/A	N/A	mirlanbayaman	mirlanbayaman									
444	Esat Tunahan Tuna	Research Assistant	https://scholar.google.com/citations?hl=en&user=Jj9qTkkAAAAJ	N/A	N/A	tunahan2607	tunahan2607									
445	Yuan Xue	Johns Hopkins University	https://scholar.google.com/citations?hl=en&user=yRf1kygAAAAJ	N/A	N/A	LianruiZuo	LianruiZuo									
446	Homayoun Bagherinia	CZMI	https://scholar.google.com/citations?hl=en&user=HhcxE9kAAAAJ	N/A	N/A	N/A										
447	Vadim Smolyakov	"Data Scientist, Microsoft"	https://scholar.google.com/citations?hl=en&user=NnkWHtUAAAAJ	https://twitter.com/vsmolyakov	https://twitter.com/vsmolyakov	vsmolyakov	vsmolyakov									
448	Wei Song	"Associate Professor, Capital Normal University, China"	https://scholar.google.com/citations?hl=en&user=MdWnyicAAAAJ	https://twitter.com/msongwei	https://twitter.com/msongwei	msongwei	msongwei									
449	Jamilu Awwalu	Federal University Dutse	https://scholar.google.com/citations?hl=en&user=-0uxcvUAAAAJ	N/A	N/A	N/A										
450	Wei Yang	NVIDIA	https://scholar.google.com/citations?hl=en&user=6QQX88UAAAAJ	N/A	N/A	yingweiyang	yingweiyang	drweiyang	weiyangph	weizhang_UNDP						
451	Shujaat Hussain	"Assistant Professor, National University of Computer and Emerging Sciences"	https://scholar.google.com/citations?hl=en&user=oyBn4X8AAAAJ	https://twitter.com/shujaathussain	https://twitter.com/shujaathussain	KazmiWajahat	KazmiWajahat	chshujathussain	ChaudhryShujatH	ChShujat_pmlq	ch_shujathusain	shujj33	shujaat381	arsched	shujaat_hussain	
452	Henrik Aanaes	3Shape	https://scholar.google.com/citations?hl=en&user=WTjCRE8AAAAJ	N/A	N/A	N/A										
453	Alexander Zimin	Applied Scientist at Amazon	https://scholar.google.com/citations?hl=en&user=872IXvsAAAAJ	N/A	N/A	ZiminInstitutes	ZiminInstitutes									
454	Jürgen Hess	Researcher at Fraunhofer IOF	https://scholar.google.com/citations?hl=en&user=8PNGB1gAAAAJ	N/A	N/A	N/A	luckyjay151	jay_mkw	avmhess	juergenhess	drjrgenhess1	jurgenhessratz				
455	Nabiha Asghar	Applied Scientist @ Microsoft | PhD @ Waterloo	https://scholar.google.com/citations?hl=en&user=xYFNj60AAAAJ	N/A	N/A	rheartpython	rheartpython									
456	Simone Fontana	Università degli Studi di Milano - Bicocca	https://scholar.google.com/citations?hl=en&user=HC6FqOgAAAAJ	N/A	N/A	Signals_MDPI	Signals_MDPI									
457	Ralf Plänkers	"alumnus, EPF Lausanne, RWTh Aachen"	https://scholar.google.com/citations?hl=en&user=cU6g9dgAAAAJ	N/A	N/A	vaudoise_fr	vaudoise_fr									
458	Yi Liu	"University of Pittsburgh, Boehringer Ingelheim"	https://scholar.google.com/citations?hl=en&user=3zUfXUAAAAAJ	N/A	N/A	yiliu82598321	yiliumktg	Yi_Liu_uciess	Yi_Liu_	yiliu6240	yiliu	charleneliu61	Triste_i	LiuYi_eco	liue818	yiliu82598321
459	Karthik Raghunathan	Director of Machine Learning at Cisco MindMeld	https://scholar.google.com/citations?hl=en&user=cEIzj5kAAAAJ	N/A	N/A	duke_anesthesia	duke_anesthesia	paul_wischmeyer	musc_anesthesia	vahsrd	tigeranalytics	Duke_Anesthesia				
460	Ben Albrecht	HPE	https://scholar.google.com/citations?hl=en&user=GREgSpQAAAAJ	https://twitter.com/ben_albrecht_	https://twitter.com/ben_albrecht_	ben_albrecht_	ben_albrecht_									
461	Wanderson Gonçalves	Federal University of Pará	https://scholar.google.com/citations?hl=en&user=AgYSJj4AAAAJ	N/A	N/A	nin_pontes	nin_pontes									
462	Marie-Anne Lachaux	Facebook AI Research	https://scholar.google.com/citations?hl=en&user=dSEMIJ8AAAAJ	https://twitter.com/malachaux	https://twitter.com/malachaux	malachaux	malachaux									
463	Klemens Schnattinger	Professor of Data Science and Natural Language Processing	https://scholar.google.com/citations?hl=en&user=XNTOoIwAAAAJ	N/A	N/A	os_meneses	os_meneses									
464	Zhengxia Zou	University of Michigan	https://scholar.google.com/citations?hl=en&user=DzwoyZsAAAAJ	N/A	N/A	replicatehq	replicatehq									
465	Arjun Anand	"AI Research Engineer/Scientist, Intel Labs"	https://scholar.google.com/citations?hl=en&user=Rg7xluMAAAAJ	N/A	N/A	arjunanand	arjunanande	arjunananddxb	oarsmen	arjunanand	arjunandand	arjunpmenon	g30aa	arjunajanand	arjunroxx9b	arjunanandphoto
466	Deepak Kumar	LinkedIn	https://scholar.google.com/citations?hl=en&user=qYIOqb8AAAAJ	N/A	N/A	Deepakkhw	Deepakkhw									
467	Ashwin Carvalho	"Ph.D. Candidate, University of California Berkeley"	https://scholar.google.com/citations?hl=en&user=qmhXog0AAAAJ	N/A	N/A	CarvalhoAshwin	CarvalhoAshwin									
468	Antonio Starcevic	University of Zagreb Faculty of Food Technology and Biotechnology	https://scholar.google.com/citations?hl=en&user=iyfFFtAAAAAJ	https://twitter.com/antonio_star93	https://twitter.com/antonio_star93	antonio_star93	antonio_star93									
469	Lai-Kuan Wong	Multimedia University	https://scholar.google.com/citations?hl=en&user=9ofaMccAAAAJ	N/A	N/A	mmumalaysia	mmumalaysia									
470	Serge Thill	"Donders Institute for Brain, Cognition, and Behaviour, Radboud University"	https://scholar.google.com/citations?hl=en&user=VNV3YhwAAAAJ	https://twitter.com/sergethill	https://twitter.com/sergethill	artcogsys	artcogsys	SergeThill	dondersinst	DondersInst	JohanKwisthout	justhuebotter	marwenBelkaid			
471	Harsh Saini	University of the South Pacific	https://scholar.google.com/citations?hl=en&user=ft_85w4AAAAJ	N/A	N/A	bina_saini	bina_saini									
472	Khurram Javed	University of Alberta	https://scholar.google.com/citations?hl=en&user=wG1tGakAAAAJ	https://twitter.com/khurramjaved_96	https://twitter.com/khurramjaved_96	KhurramJaved_96	KhurramJaved_96									
473	Asif Iqbal Khan	University of Kashmir	https://scholar.google.com/citations?hl=en&user=dGqpGYkAAAAJ	N/A	N/A	aiburza	aiburza	asif_richie	afazili1	latamindia	sidhant	fahdiqbal				
474	Ali Ahmadian	Unknown affiliation	https://scholar.google.com/citations?hl=en&user=DLvhmvYAAAAJ	N/A	N/A	AliAhma19306420	AliAhma19306420	AliAhmadian58	ali_u	AhmadinAli	dr_ali_ahmadian	netman3a	aliahma15604821	AliAhma64596085		
475	"Mahdi Jamshidinia, PhD"	ASTM International	https://scholar.google.com/citations?hl=en&user=LolmBnIAAAAJ	https://twitter.com/MJamshidinia	https://twitter.com/MJamshidinia	ASTMAMCOE	ASTMAMCOE									
476	Boris X. Vintimilla Burgos	Escuela Superior Politécnica del Litoral - ESPOL	https://scholar.google.com/citations?hl=en&user=1LO6KBUAAAAJ	N/A	N/A	N/A										
477	Prof. Dr.-Ing. Morris Riedel	"Professor of High Performance Computing & Machine Learning, Forschungszentrum Juelich & UoIceland"	https://scholar.google.com/citations?hl=en&user=iXu1OP8AAAAJ	https://twitter.com/morrisriedel	https://twitter.com/morrisriedel	morrisriedel	morrisriedel									
478	Oliver Whyte	Microsoft	https://scholar.google.com/citations?hl=en&user=EVdWS-4AAAAJ	N/A	N/A	ollieman56	ollieman56									
479	Ryan Roth	Google	https://scholar.google.com/citations?hl=en&user=HlaRB3AAAAAJ	N/A	N/A	dualryan	dualryan									
480	Shumit Saha	"University Health Network, University of Toronto"	https://scholar.google.com/citations?hl=en&user=JWMTPUsAAAAJ	https://twitter.com/sahashumit	https://twitter.com/sahashumit	mcasimard	mcasimard									
481	Xinyu (Felix) Wei	STATS	https://scholar.google.com/citations?hl=en&user=zawDLOYAAAAJ	N/A	N/A	N/A	leaslyhterin									
482	Mingze Xu	"Applied Scientist, AWS AI"	https://scholar.google.com/citations?hl=en&user=KNcECJQAAAAJ	https://twitter.com/xmz0308	https://twitter.com/xmz0308	kexinbellayang	kexinbellayang									
483	Zhongyi Han	Shandong University	https://scholar.google.com/citations?hl=en&user=0J-PErUAAAAJ	https://twitter.com/zhongyi_han	https://twitter.com/zhongyi_han	zhongyi_han	zhongyi_han									
484	Douwe Kiela	"Research Scientist, Facebook AI Research"	https://scholar.google.com/citations?hl=en&user=Q0piorUAAAAJ	https://twitter.com/douwekiela	https://twitter.com/douwekiela	douwekiela	douwekiela	jayelmnop	matroid	abigail_e_see						
485	Jorge Azorín-López	"Associate Professor, University of Alicante"	https://scholar.google.com/citations?hl=en&user=evDsIucAAAAJ	https://twitter.com/jazorinl	https://twitter.com/jazorinl	JAzorinL	JAzorinL									
486	Chenghao Liu	Salesforce Research Asia	https://scholar.google.com/citations?hl=en&user=OvwvSXwAAAAJ	https://twitter.com/chenghaoliu1989	https://twitter.com/chenghaoliu1989	stevenhoi	stevenhoi									
487	Dr Yousef Amar	"CTO, Krew Live Ltd"	https://scholar.google.com/citations?hl=en&user=leiXo_IAAAAJ	N/A	N/A	joinkrew	joinkrew									
488	Leandro Augusto Frata Fernandes	"Instituto de Computação (IC), Universidade Federal Fluminense (UFF)"	https://scholar.google.com/citations?hl=en&user=4OcyYJ4AAAAJ	N/A	N/A	N/A	IMPAOficial									
489	Nedeljko Dučić	"University of Kragujevac, Faculty of Technical Sciences Čačak"	https://scholar.google.com/citations?hl=en&user=CucsXV0AAAAJ	N/A	N/A	pavlovic9	pavlovic9									
490	jose luis alvarez rico	Novaquality Consulting	https://scholar.google.com/citations?hl=en&user=kBKz7z0AAAAJ	N/A	N/A	alvarezdf57	alvarezdf57									
491	Petr Nejedly	Institute of Scientific Instruments of the Czech Academy of Science	https://scholar.google.com/citations?hl=en&user=me0Zm9AAAAAJ	N/A	N/A	petrnejedly	petrnejedly	nenik78	petr_nejedly							
492	Amir Hertz	Unknown affiliation	https://scholar.google.com/citations?hl=en&user=mnk__kYAAAAJ	https://twitter.com/hertz_amir	https://twitter.com/hertz_amir	hertz_amir	hertz_amir	memdotai	replicatehq	_akhaliq	ranahanocka					
493	Christian Wagner	University of Nottingham	https://scholar.google.com/citations?hl=en&user=tAQTJRIAAAAJ	N/A	N/A	N/A	fzj_rdm									
494	Xiaohan Ding	Tsinghua University	https://scholar.google.com/citations?hl=en&user=CIjw0KoAAAAJ	N/A	N/A	xxxxding_	xxxxding_									
495	Alvaro Martinez Barrio	Unknown affiliation	https://scholar.google.com/citations?hl=en&user=ZeibDHAAAAAJ	https://twitter.com/ambarrio	https://twitter.com/ambarrio	ambarrio	ambarrio									
496	Chris Dyer	"DeepMind, Carnegie Mellon"	https://scholar.google.com/citations?hl=en&user=W2DsnAkAAAAJ	https://twitter.com/redpony	https://twitter.com/redpony	redpony	redpony									
497	Martin Engelcke	DeepMind	https://scholar.google.com/citations?hl=en&user=MDaD5mEAAAAJ	https://twitter.com/martinengelcke	https://twitter.com/martinengelcke	martinengelcke	martinengelcke	a2i_oxford	BplLaw	MLStreetTalk						
498	Rohit Punnoose	XLRI – Xavier School of Management	https://scholar.google.com/citations?hl=en&user=ZUxZPYoAAAAJ	https://twitter.com/rohitpunnoose	https://twitter.com/rohitpunnoose	rohitpunnoose	rohitpunnoose									
499	Kaiyue Pang	"SketchX, CVSSP, University of Surrey"	https://scholar.google.com/citations?hl=en&user=kR3zzeUAAAAJ	N/A	N/A	N/A										
500	Aitor Soroa	"Associate professor, University of the Basque Country"	https://scholar.google.com/citations?hl=en&user=yklm660AAAAJ	N/A	N/A	Aitor57	Aitor57									